* 통계표명 :,월별_매입자거주지별_아파트매매거래_동호수,,,,,,,,,,,,,,,,
* 수록기간 :,2019년 12월 ~ 2021년 01월,,,,,,,,,,,,,,,,
* 조회기간 :,2019년 12월 ~ 2021년 01월,,,,,,,,,,,,,,,,
* 출처 :,국토교통부,,,,,,,,,,,,,,,,
* 자료다운일자 :,2021.03.09 21:51:48,,,,,,,,,,,,,,,,
* 단위 :,"동(호)수,천㎡",,,,,,,,,,,,,,,,
,,,,,,,,,,,,,,,,,
,,,,,,,,,,,,,,,,,
,,,,,,,,,,,,,,,,,
,,,,,,,,,,,,,,,,,
지 역,,,매입자거주지,2019년 12월,2020년 01월,2020년 02월,2020년 03월,2020년 04월,2020년 05월,2020년 06월,2020년 07월,2020년 08월,2020년 09월,2020년 10월,2020년 11월,2020년 12월,2021년 01월
전국,,,합계,87933,75986,87642,79615,48972,57426,102482,102628,59429,58037,66174,89660,106027,64371
,,,관할시군구내,44858,39665,44763,40331,27196,30058,50501,52077,33541,33257,36356,47115,50983,31732
,,,관할시도내,20834,18661,22012,19145,10938,12111,24365,25144,13282,12861,14770,21503,25855,14897
,,,관할시도외_서울,5407,4641,6010,5589,3066,4239,8345,7934,4397,3967,4704,5481,8627,5933
,,,관할시도외_기타,16834,13019,14857,14550,7772,11018,19271,17473,8209,7952,10344,15561,20562,11809
서울,,,합계,14117,10491,9522,9152,3699,4328,11106,16002,6880,4795,4320,4725,8764,5945
,,,관할시군구내,5516,4230,3810,3841,1488,1831,4660,6462,2779,2009,1839,1817,3350,2191
,,,관할시도내,4914,3640,3438,3195,1383,1471,3971,6083,2747,1890,1628,1842,3583,2490
,,,관할시도외_서울,0,0,0,0,0,0,0,0,0,0,0,0,0,0
,,,관할시도외_기타,3687,2621,2274,2116,828,1026,2475,3457,1354,896,853,1066,1831,1264
,종로구,,합계,111,95,74,73,41,50,91,123,59,48,45,85,86,50
,,,관할시군구내,32,29,20,20,10,19,23,33,18,11,15,11,21,11
,,,관할시도내,51,46,38,42,21,18,47,66,28,30,21,62,47,29
,,,관할시도외_서울,0,0,0,0,0,0,0,0,0,0,0,0,0,0
,,,관할시도외_기타,28,20,16,11,10,13,21,24,13,7,9,12,18,10
,중구,,합계,195,167,110,105,40,50,125,174,81,73,66,75,98,77
,,,관할시군구내,51,41,29,24,5,12,33,37,29,24,15,16,24,16
,,,관할시도내,99,70,61,49,18,27,68,93,36,35,36,41,53,49
,,,관할시도외_서울,0,0,0,0,0,0,0,0,0,0,0,0,0,0
,,,관할시도외_기타,45,56,20,32,17,11,24,44,16,14,15,18,21,12
,용산구,,합계,298,249,146,107,38,88,236,238,145,115,106,161,191,121
,,,관할시군구내,84,55,45,23,13,32,80,68,49,26,40,35,63,37
,,,관할시도내,136,147,72,52,14,29,96,121,68,60,43,59,87,56
,,,관할시도외_서울,0,0,0,0,0,0,0,0,0,0,0,0,0,0
,,,관할시도외_기타,78,47,29,32,11,27,60,49,28,29,23,67,41,28
,성동구,,합계,745,431,375,294,112,100,355,682,274,203,121,181,328,202
,,,관할시군구내,207,125,107,95,38,28,110,224,83,61,36,72,113,60
,,,관할시도내,364,209,186,140,50,61,176,325,145,105,62,79,155,96
,,,관할시도외_서울,0,0,0,0,0,0,0,0,0,0,0,0,0,0
,,,관할시도외_기타,174,97,82,59,24,11,69,133,46,37,23,30,60,46
,광진구,,합계,284,141,134,93,56,60,140,267,128,93,75,75,140,103
,,,관할시군구내,131,49,42,42,22,22,68,105,51,49,32,36,65,37
,,,관할시도내,98,60,52,36,24,24,55,111,59,32,33,26,50,54
,,,관할시도외_서울,0,0,0,0,0,0,0,0,0,0,0,0,0,0
,,,관할시도외_기타,55,32,40,15,10,14,17,51,18,12,10,13,25,12
,동대문구,,합계,528,439,394,388,139,173,372,610,259,190,177,165,321,310
,,,관할시군구내,173,163,135,151,57,71,156,255,94,62,60,41,99,66
,,,관할시도내,226,193,155,162,51,71,136,260,120,95,80,90,169,143
,,,관할시도외_서울,0,0,0,0,0,0,0,0,0,0,0,0,0,0
,,,관할시도외_기타,129,83,104,75,31,31,80,95,45,33,37,34,53,101
,중랑구,,합계,544,297,315,418,170,209,345,467,229,144,152,95,238,170
,,,관할시군구내,172,156,123,188,86,68,166,184,102,67,62,45,92,63
,,,관할시도내,103,95,121,153,61,63,124,183,91,53,64,39,102,83
,,,관할시도외_서울,0,0,0,0,0,0,0,0,0,0,0,0,0,0
,,,관할시도외_기타,269,46,71,77,23,78,55,100,36,24,26,11,44,24
,성북구,,합계,696,679,595,522,186,228,554,915,338,187,172,203,349,272
,,,관할시군구내,309,295,253,231,78,103,244,372,129,85,74,88,151,105
,,,관할시도내,256,243,233,189,69,89,203,378,154,80,74,93,151,128
,,,관할시도외_서울,0,0,0,0,0,0,0,0,0,0,0,0,0,0
,,,관할시도외_기타,131,141,109,102,39,36,107,165,55,22,24,22,47,39
,강북구,,합계,179,370,350,265,112,126,273,367,107,87,135,80,159,135
,,,관할시군구내,69,116,145,106,62,54,100,134,38,39,57,39,57,47
,,,관할시도내,75,148,139,109,30,48,115,161,49,35,55,31,74,71
,,,관할시도외_서울,0,0,0,0,0,0,0,0,0,0,0,0,0,0
,,,관할시도외_기타,35,106,66,50,20,24,58,72,20,13,23,10,28,17
,도봉구,,합계,496,475,487,653,230,243,659,876,314,200,183,195,396,285
,,,관할시군구내,210,233,236,306,107,124,307,367,139,103,78,82,159,111
,,,관할시도내,146,144,167,215,76,72,245,339,121,79,68,72,171,126
,,,관할시도외_서울,0,0,0,0,0,0,0,0,0,0,0,0,0,0
,,,관할시도외_기타,140,98,84,132,47,47,107,170,54,18,37,41,66,48
,노원구,,합계,1291,1069,1150,1288,474,439,1374,1530,537,394,403,362,829,632
,,,관할시군구내,581,481,495,549,209,191,616,700,236,177,179,154,344,228
,,,관할시도내,336,325,386,413,165,155,445,506,193,147,164,140,311,273
,,,관할시도외_서울,0,0,0,0,0,0,0,0,0,0,0,0,0,0
,,,관할시도외_기타,374,263,269,326,100,93,313,324,108,70,60,68,174,131
,은평구,,합계,396,387,414,387,179,200,419,666,292,177,175,157,268,234
,,,관할시군구내,170,176,199,191,84,105,180,312,129,96,89,66,114,101
,,,관할시도내,124,114,123,111,46,59,129,210,107,51,55,61,98,88
,,,관할시도외_서울,0,0,0,0,0,0,0,0,0,0,0,0,0,0
,,,관할시도외_기타,102,97,92,85,49,36,110,144,56,30,31,30,56,45
,서대문구,,합계,522,396,339,277,105,144,385,517,245,186,177,197,310,181
,,,관할시군구내,155,134,133,109,43,69,138,173,81,58,80,55,87,68
,,,관할시도내,247,157,126,107,44,47,178,243,126,95,65,105,162,80
,,,관할시도외_서울,0,0,0,0,0,0,0,0,0,0,0,0,0,0
,,,관할시도외_기타,120,105,80,61,18,28,69,101,38,33,32,37,61,33
,마포구,,합계,608,403,303,238,73,101,301,638,272,184,183,206,325,201
,,,관할시군구내,219,148,121,94,25,37,115,205,109,87,76,80,114,69
,,,관할시도내,242,145,119,93,31,37,111,248,119,72,73,88,138,89
,,,관할시도외_서울,0,0,0,0,0,0,0,0,0,0,0,0,0,0
,,,관할시도외_기타,147,110,63,51,17,27,75,185,44,25,34,38,73,43
,양천구,,합계,749,500,402,350,306,173,497,639,350,215,160,188,353,285
,,,관할시군구내,348,243,184,163,52,82,277,315,180,107,72,85,148,140
,,,관할시도내,232,142,123,112,228,49,137,206,120,69,58,69,129,92
,,,관할시도외_서울,0,0,0,0,0,0,0,0,0,0,0,0,0,0
,,,관할시도외_기타,169,115,95,75,26,42,83,118,50,39,30,34,76,53
,강서구,,합계,696,585,672,514,210,241,694,1297,594,387,319,288,513,406
,,,관할시군구내,352,280,319,227,84,112,327,612,281,180,159,131,233,183
,,,관할시도내,166,159,212,144,69,62,203,392,171,123,86,95,159,131
,,,관할시도외_서울,0,0,0,0,0,0,0,0,0,0,0,0,0,0
,,,관할시도외_기타,178,146,141,143,57,67,164,293,142,84,74,62,121,92
,구로구,,합계,632,570,650,572,227,308,684,844,326,273,231,343,488,300
,,,관할시군구내,278,231,260,282,103,124,267,361,142,108,92,92,168,87
,,,관할시도내,197,176,206,142,57,100,236,291,108,105,82,89,169,128
,,,관할시도외_서울,0,0,0,0,0,0,0,0,0,0,0,0,0,0
,,,관할시도외_기타,157,163,184,148,67,84,181,192,76,60,57,162,151,85
,금천구,,합계,207,166,163,282,82,85,176,289,118,105,59,77,279,98
,,,관할시군구내,105,86,66,88,38,39,80,167,48,46,19,37,57,37
,,,관할시도내,51,40,52,132,20,21,52,73,38,33,24,31,186,38
,,,관할시도외_서울,0,0,0,0,0,0,0,0,0,0,0,0,0,0
,,,관할시도외_기타,51,40,45,62,24,25,44,49,32,26,16,9,36,23
,영등포구,,합계,546,465,441,535,132,184,416,621,282,191,218,184,388,254
,,,관할시군구내,206,189,151,282,60,72,147,216,110,75,92,77,151,98
,,,관할시도내,180,151,154,157,42,69,167,238,118,70,73,72,152,95
,,,관할시도외_서울,0,0,0,0,0,0,0,0,0,0,0,0,0,0
,,,관할시도외_기타,160,125,136,96,30,43,102,167,54,46,53,35,85,61
,동작구,,합계,606,335,320,281,88,90,342,641,315,187,166,174,285,237
,,,관할시군구내,215,123,94,78,38,34,114,217,102,65,73,64,101,69
,,,관할시도내,253,129,153,127,34,29,143,298,150,86,75,76,134,106
,,,관할시도외_서울,0,0,0,0,0,0,0,0,0,0,0,0,0,0
,,,관할시도외_기타,138,83,73,76,16,27,85,126,63,36,18,34,50,62
,관악구,,합계,412,371,312,322,170,142,405,458,171,117,147,120,252,182
,,,관할시군구내,185,164,127,149,82,75,178,184,70,56,61,46,107,75
,,,관할시도내,106,106,90,94,45,31,134,160,65,41,55,53,96,77
,,,관할시도외_서울,0,0,0,0,0,0,0,0,0,0,0,0,0,0
,,,관할시도외_기타,121,101,95,79,43,36,93,114,36,20,31,21,49,30
,서초구,,합계,610,331,235,205,96,181,369,603,365,261,224,271,518,308
,,,관할시군구내,234,127,93,75,35,84,161,208,138,112,107,113,193,117
,,,관할시도내,234,132,77,77,42,49,127,265,151,106,65,100,208,131
,,,관할시도외_서울,0,0,0,0,0,0,0,0,0,0,0,0,0,0
,,,관할시도외_기타,142,72,65,53,19,48,81,130,76,43,52,58,117,60
,강남구,,합계,863,409,279,246,141,271,524,673,315,235,206,358,629,335
,,,관할시군구내,322,168,116,89,50,114,198,218,126,108,101,155,284,144
,,,관할시도내,322,120,81,80,40,68,182,284,117,83,60,93,193,110
,,,관할시도외_서울,0,0,0,0,0,0,0,0,0,0,0,0,0,0
,,,관할시도외_기타,219,121,82,77,51,89,144,171,72,44,45,110,152,81
,송파구,,합계,1127,581,397,343,147,237,741,1033,393,274,229,260,595,317
,,,관할시군구내,420,226,145,139,52,100,279,423,142,100,94,111,251,134
,,,관할시도내,382,180,134,107,57,88,269,337,159,109,78,82,204,104
,,,관할시도외_서울,0,0,0,0,0,0,0,0,0,0,0,0,0,0
,,,관할시도외_기타,325,175,118,97,38,49,193,273,92,65,57,67,140,79
,강동구,,합계,776,580,465,394,145,205,629,834,371,269,191,225,426,250
,,,관할시군구내,288,192,172,140,55,60,296,372,153,107,76,86,154,88
,,,관할시도내,288,209,178,152,49,105,193,295,134,96,79,96,185,113
,,,관할시도외_서울,0,0,0,0,0,0,0,0,0,0,0,0,0,0
,,,관할시도외_기타,200,179,115,102,41,40,140,167,84,66,36,43,87,49
부산,,,합계,7526,5349,4745,4289,3397,3885,6932,9455,4473,5596,7762,15964,9006,3136
,,,관할시군구내,3868,2755,2591,2387,1889,2180,3456,4742,2379,3063,4064,7732,4219,1556
,,,관할시도내,2215,1601,1447,1265,1118,1095,2124,3193,1431,1751,2507,5666,3152,1032
,,,관할시도외_서울,175,174,92,91,39,63,137,194,69,94,153,324,231,61
,,,관할시도외_기타,1268,819,615,546,351,547,1215,1326,594,688,1038,2242,1404,487
,중구,,합계,21,25,27,23,34,22,34,38,20,49,37,47,62,35
,,,관할시군구내,11,14,15,10,19,8,17,14,12,23,20,22,17,12
,,,관할시도내,7,8,10,9,10,8,10,20,6,18,12,21,38,15
,,,관할시도외_서울,2,2,1,1,0,0,0,1,0,1,1,1,3,3
,,,관할시도외_기타,1,1,1,3,5,6,7,3,2,7,4,3,4,5
,서구,,합계,79,73,69,71,75,58,83,113,75,75,74,220,173,82
,,,관할시군구내,30,33,33,37,44,35,43,56,39,44,40,90,70,45
,,,관할시도내,36,31,23,25,24,15,30,46,31,25,30,89,67,31
,,,관할시도외_서울,5,1,3,2,2,1,1,2,2,0,0,3,7,2
,,,관할시도외_기타,8,8,10,7,5,7,9,9,3,6,4,38,29,4
,동구,,합계,74,67,84,106,63,79,135,146,58,90,180,265,216,87
,,,관할시군구내,19,17,29,32,24,34,42,47,24,28,54,61,46,26
,,,관할시도내,42,33,42,46,27,33,71,64,20,48,89,145,130,42
,,,관할시도외_서울,5,5,0,5,3,4,2,6,3,3,6,8,4,1
,,,관할시도외_기타,8,12,13,23,9,8,20,29,11,11,31,51,36,18
,영도구,,합계,122,83,108,118,105,108,110,149,108,126,175,352,410,111
,,,관할시군구내,72,55,72,72,69,65,67,94,67,80,109,123,172,51
,,,관할시도내,36,16,21,23,26,22,33,37,27,30,42,127,134,34
,,,관할시도외_서울,3,2,1,6,1,6,3,2,0,2,3,10,21,1
,,,관할시도외_기타,11,10,14,17,9,15,7,16,14,14,21,92,83,25
,부산진구,,합계,650,600,536,486,416,463,810,1081,428,519,1037,1761,1308,327
,,,관할시군구내,267,249,290,271,262,216,319,452,218,264,462,805,595,164
,,,관할시도내,209,157,171,141,112,167,299,459,152,190,406,704,495,105
,,,관할시도외_서울,9,9,13,10,3,3,33,22,11,8,22,29,31,5
,,,관할시도외_기타,165,185,62,64,39,77,159,148,47,57,147,223,187,53
,동래구,,합계,824,508,446,375,257,391,654,960,463,611,731,1273,388,179
,,,관할시군구내,352,213,202,165,123,189,290,404,214,275,343,542,152,78
,,,관할시도내,319,228,187,162,112,163,263,422,168,222,299,569,167,81
,,,관할시도외_서울,13,6,4,8,2,2,7,16,4,12,14,15,15,9
,,,관할시도외_기타,140,61,53,40,20,37,94,118,77,102,75,147,54,11
,남구,,합계,733,618,461,464,284,363,718,795,369,433,739,1285,443,235
,,,관할시군구내,372,263,294,311,177,208,481,461,240,268,473,643,221,131
,,,관할시도내,192,239,111,111,82,86,146,221,93,113,190,480,159,76
,,,관할시도외_서울,25,71,6,7,2,3,8,18,5,6,14,25,6,2
,,,관할시도외_기타,144,45,50,35,23,66,83,95,31,46,62,137,57,26
,북구,,합계,675,408,445,352,258,327,584,686,305,417,469,1414,917,261
,,,관할시군구내,423,271,286,208,143,227,360,415,199,289,288,796,467,130
,,,관할시도내,114,78,91,73,70,56,129,149,63,80,99,387,263,70
,,,관할시도외_서울,5,1,6,4,4,0,7,13,3,3,3,27,24,5
,,,관할시도외_기타,133,58,62,67,41,44,88,109,40,45,79,204,163,56
,해운대구,,합계,1534,945,673,587,447,547,1247,2011,790,1055,1467,2984,660,333
,,,관할시군구내,845,568,351,312,250,289,602,1067,384,570,780,1483,296,156
,,,관할시도내,365,206,180,180,123,137,335,580,260,319,415,962,233,101
,,,관할시도외_서울,62,31,22,14,10,16,28,45,15,26,44,86,23,11
,,,관할시도외_기타,262,140,120,81,64,105,282,319,131,140,228,453,108,65
,사하구,,합계,599,366,393,352,313,372,537,587,362,417,573,1237,1345,348
,,,관할시군구내,440,236,282,256,215,240,292,359,236,278,363,708,718,212
,,,관할시도내,88,73,68,64,74,71,114,145,82,105,135,343,374,92
,,,관할시도외_서울,5,11,4,4,1,9,5,10,4,5,6,41,45,4
,,,관할시도외_기타,66,46,39,28,23,52,126,73,40,29,69,145,208,40
,금정구,,합계,423,345,287,319,377,234,334,473,289,389,515,1029,543,173
,,,관할시군구내,253,219,178,227,163,150,215,268,175,229,282,553,283,86
,,,관할시도내,100,70,73,54,185,60,84,131,74,110,148,311,161,54
,,,관할시도외_서울,8,7,2,6,0,2,2,6,4,7,10,11,6,1
,,,관할시도외_기타,62,49,34,32,29,22,33,68,36,43,75,154,93,32
,강서구,,합계,254,185,154,100,84,113,372,400,195,249,274,963,417,94
,,,관할시군구내,132,97,80,49,41,57,113,206,105,155,164,526,195,37
,,,관할시도내,78,56,52,29,29,38,95,92,56,58,61,245,132,36
,,,관할시도외_서울,1,1,1,4,0,1,14,7,1,1,2,9,4,0
,,,관할시도외_기타,43,31,21,18,14,17,150,95,33,35,47,183,86,21
,연제구,,합계,531,366,364,295,206,218,405,768,311,402,505,1038,312,184
,,,관할시군구내,219,131,127,119,91,105,166,282,130,174,215,407,135,94
,,,관할시도내,255,174,171,134,88,85,190,377,140,167,224,489,133,68
,,,관할시도외_서울,6,7,14,7,3,5,1,13,6,11,9,27,10,0
,,,관할시도외_기타,51,54,52,35,24,23,48,96,35,50,57,115,34,22
,수영구,,합계,610,386,303,278,156,160,436,594,287,305,448,679,238,95
,,,관할시군구내,189,153,112,100,64,67,166,239,114,130,175,268,111,43
,,,관할시도내,269,145,145,122,74,67,195,265,132,133,188,317,86,30
,,,관할시도외_서울,19,17,8,9,5,7,21,27,8,7,12,16,6,4
,,,관할시도외_기타,133,71,38,47,13,19,54,63,33,35,73,78,35,18
,사상구,,합계,159,175,226,200,172,168,245,325,219,201,259,620,961,231
,,,관할시군구내,103,117,130,118,116,109,136,167,115,108,139,280,420,116
,,,관할시도내,37,34,69,54,39,40,76,108,70,65,94,261,413,89
,,,관할시도외_서울,3,1,3,3,2,3,3,6,3,1,4,8,13,5
,,,관할시도외_기타,16,23,24,25,15,16,30,44,31,27,22,71,115,21
,기장군,,합계,238,199,169,163,150,262,228,329,194,258,279,797,613,361
,,,관할시군구내,141,119,110,100,88,181,147,211,107,148,157,425,321,175
,,,관할시도내,68,53,33,38,43,47,54,77,57,68,75,216,167,108
,,,관할시도외_서울,4,2,4,1,1,1,2,0,0,1,3,8,13,8
,,,관할시도외_기타,25,25,22,24,18,33,25,41,30,41,44,148,112,70
대구,,,합계,4020,3855,4038,3473,2053,2868,4037,5850,3669,4209,4581,6403,6359,2099
,,,관할시군구내,2364,2183,2268,1594,1237,1760,2360,3452,2104,2398,2650,3399,3190,1044
,,,관할시도내,1097,1118,1142,746,594,722,1122,1549,1083,1256,1318,1995,2027,647
,,,관할시도외_서울,48,41,48,25,16,68,89,116,38,58,43,80,90,34
,,,관할시도외_기타,511,513,580,1108,206,318,466,733,444,497,570,929,1052,374
,중구,,합계,118,125,155,88,72,73,136,186,108,146,167,334,146,41
,,,관할시군구내,38,36,38,33,28,25,34,52,28,38,46,82,34,12
,,,관할시도내,66,75,69,44,37,40,77,108,65,86,98,200,83,22
,,,관할시도외_서울,1,3,3,2,1,3,0,1,1,2,0,4,6,3
,,,관할시도외_기타,13,11,45,9,6,5,25,25,14,20,23,48,23,4
,동구,,합계,497,485,597,383,286,318,466,556,533,563,573,930,927,303
,,,관할시군구내,289,241,350,227,164,195,257,287,298,319,316,460,446,157
,,,관할시도내,121,148,148,98,86,78,132,157,157,155,175,282,288,86
,,,관할시도외_서울,14,7,10,3,2,3,8,16,10,9,9,18,15,10
,,,관할시도외_기타,73,89,89,55,34,42,69,96,68,80,73,170,178,50
,서구,,합계,149,143,150,101,90,101,179,191,104,106,89,139,169,64
,,,관할시군구내,50,64,68,52,48,55,100,81,50,48,38,48,58,29
,,,관할시도내,54,57,63,42,35,39,58,82,33,40,37,61,77,12
,,,관할시도외_서울,2,2,2,0,0,1,4,5,3,1,0,1,3,0
,,,관할시도외_기타,43,20,17,7,7,6,17,23,18,17,14,29,31,23
,남구,,합계,92,96,102,91,70,72,145,169,108,117,95,174,195,48
,,,관할시군구내,39,31,42,42,25,33,63,73,49,52,48,67,59,21
,,,관할시도내,44,49,47,40,39,31,71,78,45,57,36,83,102,21
,,,관할시도외_서울,0,1,1,2,2,1,3,3,0,1,2,3,7,0
,,,관할시도외_기타,9,15,12,7,4,7,8,15,14,7,9,21,27,6
,북구,,합계,648,637,858,593,396,553,739,808,595,704,701,1322,1590,483
,,,관할시군구내,412,370,501,370,255,320,478,472,336,420,443,749,866,249
,,,관할시도내,159,170,206,161,106,128,178,200,191,207,176,372,480,161
,,,관할시도외_서울,7,4,3,3,1,43,7,49,4,5,6,16,21,4
,,,관할시도외_기타,70,93,148,59,34,62,76,87,64,72,76,185,223,69
,수성구,,합계,915,753,628,430,286,449,704,1207,740,929,1239,1019,790,315
,,,관할시군구내,549,435,357,239,177,256,396,684,393,522,688,540,374,155
,,,관할시도내,239,199,160,107,64,109,162,323,215,237,357,278,243,87
,,,관할시도외_서울,11,8,12,6,6,8,45,13,10,12,14,19,9,7
,,,관할시도외_기타,116,111,99,78,39,76,101,187,122,158,180,182,164,66
,달서구,,합계,1157,1172,1130,716,609,953,1242,1755,964,1154,1242,1625,1380,342
,,,관할시군구내,739,752,696,481,420,696,806,1118,650,748,813,995,762,182
,,,관할시도내,278,283,293,166,133,170,292,391,208,296,269,409,379,101
,,,관할시도외_서울,11,10,15,8,2,8,20,27,9,25,11,14,18,5
,,,관할시도외_기타,129,127,126,61,54,79,124,219,97,85,149,207,221,54
,달성군,,합계,444,444,418,1071,244,349,426,978,517,490,475,860,1162,503
,,,관할시군구내,248,254,216,150,120,180,226,685,300,251,258,458,591,239
,,,관할시도내,136,137,156,88,94,127,152,210,169,178,170,310,375,157
,,,관할시도외_서울,2,6,2,1,2,1,2,2,1,3,1,5,11,5
,,,관할시도외_기타,58,47,44,832,28,41,46,81,47,58,46,87,185,102
인천,,,합계,4794,5066,7516,9118,4928,4738,8545,4753,3009,2518,3358,3192,5381,4528
,,,관할시군구내,2607,2825,3792,4285,2524,2390,4365,2476,1693,1399,1727,1575,2445,1987
,,,관할시도내,931,912,1291,1649,937,923,1559,893,585,493,616,523,986,774
,,,관할시도외_서울,397,360,555,743,362,394,729,486,260,209,343,362,648,531
,,,관할시도외_기타,859,969,1878,2441,1105,1031,1892,898,471,417,672,732,1302,1236
,중구,,합계,192,246,409,509,271,254,504,235,147,152,139,173,243,213
,,,관할시군구내,75,81,140,169,82,68,176,93,61,59,55,68,92,62
,,,관할시도내,44,63,122,135,61,70,123,52,39,42,36,33,61,60
,,,관할시도외_서울,32,32,52,75,28,32,50,32,24,23,20,31,33,39
,,,관할시도외_기타,41,70,95,130,100,84,155,58,23,28,28,41,57,52
,동구,,합계,83,54,91,181,115,110,148,140,86,66,98,87,118,75
,,,관할시군구내,42,29,36,64,47,45,55,49,32,34,30,32,49,28
,,,관할시도내,29,19,32,59,46,43,58,59,41,24,51,35,44,33
,,,관할시도외_서울,6,2,4,7,4,6,9,11,2,0,3,6,12,3
,,,관할시도외_기타,6,4,19,51,18,16,26,21,11,8,14,14,13,11
,미추홀구,,합계,413,454,734,834,487,459,842,526,411,307,380,307,430,372
,,,관할시군구내,212,245,315,367,258,232,470,281,228,186,226,177,191,171
,,,관할시도내,81,83,97,162,104,95,158,106,106,64,77,61,106,84
,,,관할시도외_서울,33,24,49,52,26,36,57,37,26,13,27,16,43,32
,,,관할시도외_기타,87,102,273,253,99,96,157,102,51,44,50,53,90,85
,연수구,,합계,1039,892,1609,1883,1099,875,1935,625,468,358,514,478,1184,935
,,,관할시군구내,549,466,774,824,533,397,881,286,247,184,275,249,527,377
,,,관할시도내,244,209,337,387,245,195,387,157,116,80,104,90,242,196
,,,관할시도외_서울,61,43,93,139,81,68,158,62,32,21,39,31,106,94
,,,관할시도외_기타,185,174,405,533,240,215,509,120,73,73,96,108,309,268
,남동구,,합계,681,848,1589,1886,925,826,1424,1039,576,455,597,566,827,982
,,,관할시군구내,341,494,811,878,460,406,829,678,371,269,328,306,390,487
,,,관할시도내,163,150,244,331,151,163,242,139,95,92,111,86,143,143
,,,관할시도외_서울,39,47,87,109,72,62,92,85,36,24,44,41,73,50
,,,관할시도외_기타,138,157,447,568,242,195,261,137,74,70,114,133,221,302
,부평구,,합계,983,926,1105,1698,830,827,1348,835,420,391,488,438,856,751
,,,관할시군구내,568,525,594,821,438,434,691,392,217,212,246,214,422,306
,,,관할시도내,125,121,148,210,124,118,198,128,51,60,65,61,119,88
,,,관할시도외_서울,95,77,97,179,69,90,153,107,51,50,68,63,118,141
,,,관할시도외_기타,195,203,266,488,199,185,306,208,101,69,109,100,197,216
,계양구,,합계,451,453,499,603,430,498,795,554,347,310,491,486,659,464
,,,관할시군구내,267,290,311,337,264,283,378,274,194,184,216,215,270,195
,,,관할시도내,73,63,77,116,78,98,132,92,59,56,81,61,104,72
,,,관할시도외_서울,51,38,41,51,25,30,68,72,41,23,63,86,109,72
,,,관할시도외_기타,60,62,70,99,63,87,217,116,53,47,131,124,176,125
,서구,,합계,946,1179,1464,1513,768,868,1534,783,532,472,639,643,1039,718
,,,관할시군구내,550,684,798,819,439,506,875,412,326,266,342,305,488,348
,,,관할시도내,171,203,232,245,128,141,261,159,77,75,90,95,165,98
,,,관할시도외_서울,80,95,131,130,57,69,140,79,48,54,78,87,150,98
,,,관할시도외_기타,145,197,303,319,144,152,258,133,81,77,129,156,236,174
,강화군,,합계,6,14,16,11,3,21,15,16,22,7,12,14,25,18
,,,관할시군구내,3,11,13,6,3,19,10,11,17,5,9,9,16,13
,,,관할시도내,1,1,2,4,0,0,0,1,1,0,1,1,2,0
,,,관할시도외_서울,0,2,1,1,0,1,2,1,0,1,1,1,4,2
,,,관할시도외_기타,2,0,0,0,0,1,3,3,4,1,1,3,3,3
광주,,,합계,2556,2335,2474,2267,1665,1666,2405,2804,1949,2297,2605,4946,4467,2024
,,,관할시군구내,1252,1323,1419,1359,1019,981,1379,1636,1229,1376,1469,2892,2198,1181
,,,관할시도내,535,625,641,543,407,415,561,679,422,454,649,1015,1055,454
,,,관할시도외_서울,43,40,36,32,21,36,34,53,33,32,35,84,109,46
,,,관할시도외_기타,726,347,378,333,218,234,431,436,265,435,452,955,1105,343
,동구,,합계,109,207,122,108,75,59,162,132,104,111,137,200,187,83
,,,관할시군구내,45,44,45,49,43,29,45,50,47,39,49,61,63,38
,,,관할시도내,36,152,58,34,21,18,56,62,29,41,57,79,71,26
,,,관할시도외_서울,0,2,3,4,0,2,3,1,7,2,4,3,7,1
,,,관할시도외_기타,28,9,16,21,11,10,58,19,21,29,27,57,46,18
,서구,,합계,530,483,593,496,370,345,445,629,387,467,541,804,964,408
,,,관할시군구내,267,287,353,287,219,187,258,351,231,279,296,379,396,188
,,,관할시도내,136,102,147,126,103,104,99,161,98,102,153,207,261,110
,,,관할시도외_서울,13,12,9,9,4,9,8,17,5,7,11,23,38,18
,,,관할시도외_기타,114,82,84,74,44,45,80,100,53,79,81,195,269,92
,남구,,합계,324,308,380,299,232,224,345,462,266,288,429,847,796,260
,,,관할시군구내,137,160,187,153,124,105,171,240,147,140,187,300,351,134
,,,관할시도내,92,92,129,98,69,76,87,128,70,61,126,233,200,68
,,,관할시도외_서울,9,10,4,2,2,4,4,6,1,3,6,26,22,5
,,,관할시도외_기타,86,46,60,46,37,39,83,88,48,84,110,288,223,53
,북구,,합계,687,682,718,703,531,548,764,810,606,714,741,1125,1278,658
,,,관할시군구내,394,431,425,443,334,353,459,499,395,432,458,675,690,395
,,,관할시도내,160,144,159,158,130,114,191,186,128,136,169,254,290,153
,,,관할시도외_서울,14,12,11,10,10,11,10,14,7,14,6,13,18,17
,,,관할시도외_기타,119,95,123,92,57,70,104,111,76,132,108,183,280,93
,광산구,,합계,906,655,661,661,457,490,689,771,586,717,757,1970,1242,615
,,,관할시군구내,409,401,409,427,299,307,446,496,409,486,479,1477,698,426
,,,관할시도내,111,135,148,127,84,103,128,142,97,114,144,242,233,97
,,,관할시도외_서울,7,4,9,7,5,10,9,15,13,6,8,19,24,5
,,,관할시도외_기타,379,115,95,100,69,70,106,118,67,111,126,232,287,87
대전,,,합계,4082,3089,3291,2899,2126,2204,5036,2005,1825,1538,1831,1603,2701,1954
,,,관할시군구내,2159,1642,1702,1531,974,1154,2544,985,961,836,980,821,1341,970
,,,관할시도내,1023,796,916,796,711,648,1412,492,406,388,489,422,702,542
,,,관할시도외_서울,113,91,101,83,48,55,153,73,54,44,52,49,102,57
,,,관할시도외_기타,787,560,572,489,393,347,927,455,404,270,310,311,556,385
,동구,,합계,541,329,412,449,346,349,570,239,191,186,214,216,328,263
,,,관할시군구내,319,175,231,231,175,183,236,121,96,88,97,100,149,120
,,,관할시도내,110,83,108,137,107,90,185,55,67,57,75,52,93,93
,,,관할시도외_서울,15,11,7,9,6,7,21,9,5,8,6,6,4,4
,,,관할시도외_기타,97,60,66,72,58,69,128,54,23,33,36,58,82,46
,중구,,합계,459,413,405,381,282,313,571,244,299,178,209,197,338,277
,,,관할시군구내,250,221,188,201,131,172,314,125,115,91,113,104,163,127
,,,관할시도내,126,106,130,103,83,86,148,53,50,52,52,50,96,90
,,,관할시도외_서울,6,12,17,11,5,7,20,12,9,8,11,8,16,8
,,,관할시도외_기타,77,74,70,66,63,48,89,54,125,27,33,35,63,52
,서구,,합계,1518,1236,1143,910,677,585,1516,719,536,568,609,536,949,647
,,,관할시군구내,843,661,598,502,307,325,845,357,296,315,345,292,507,335
,,,관할시도내,385,322,311,233,201,159,371,164,112,119,151,131,235,167
,,,관할시도외_서울,54,40,38,34,21,17,51,25,17,16,15,22,35,22
,,,관할시도외_기타,236,213,196,141,148,84,249,173,111,118,98,91,172,123
,유성구,,합계,1250,795,942,765,508,583,1834,546,577,425,548,448,801,568
,,,관할시군구내,607,422,487,407,215,292,892,257,316,234,298,237,397,296
,,,관할시도내,285,187,246,197,207,168,534,137,137,112,130,109,187,130
,,,관할시도외_서울,30,20,32,23,10,17,51,23,18,10,15,9,38,13
,,,관할시도외_기타,328,166,177,138,76,106,357,129,106,69,105,93,179,129
,대덕구,,합계,314,316,389,394,313,374,545,257,222,181,251,206,285,199
,,,관할시군구내,140,163,198,190,146,182,257,125,138,108,127,88,125,92
,,,관할시도내,117,98,121,126,113,145,174,83,40,48,81,80,91,62
,,,관할시도외_서울,8,8,7,6,6,7,10,4,5,2,5,4,9,10
,,,관할시도외_기타,49,47,63,72,48,40,104,45,39,23,38,34,60,35
울산,,,합계,2205,1900,2034,1391,974,1342,2322,2733,1356,1647,2085,4184,3534,1258
,,,관할시군구내,1227,1116,1251,827,593,807,1225,1543,816,1009,1213,2290,1917,776
,,,관할시도내,498,454,407,291,197,303,485,675,349,398,534,1063,977,317
,,,관할시도외_서울,49,24,39,26,10,23,63,65,22,26,32,79,71,15
,,,관할시도외_기타,431,306,337,247,174,209,549,450,169,214,306,752,569,150
,중구,,합계,375,363,471,283,182,251,461,484,232,287,392,770,587,182
,,,관할시군구내,194,229,324,169,88,153,203,255,148,143,213,411,314,112
,,,관할시도내,109,82,83,53,39,56,117,132,62,84,120,221,172,50
,,,관할시도외_서울,3,4,5,4,1,2,11,12,1,3,6,12,8,1
,,,관할시도외_기타,69,48,59,57,54,40,130,85,21,57,53,126,93,19
,남구,,합계,916,733,710,468,321,433,1043,1148,444,602,762,1598,1146,261
,,,관할시군구내,450,370,365,266,177,244,529,635,271,376,431,827,628,174
,,,관할시도내,173,161,144,79,69,93,180,259,97,128,164,383,293,52
,,,관할시도외_서울,31,17,20,18,4,15,35,34,14,16,18,41,30,4
,,,관할시도외_기타,262,185,181,105,71,81,299,220,62,82,149,347,195,31
,동구,,합계,139,151,165,141,105,114,185,209,116,127,154,385,442,178
,,,관할시군구내,103,111,115,103,76,85,118,132,80,95,103,218,229,114
,,,관할시도내,15,24,23,18,11,10,25,29,21,18,23,57,84,35
,,,관할시도외_서울,2,1,1,2,2,1,9,8,3,3,0,9,18,4
,,,관할시도외_기타,19,15,26,18,16,18,33,40,12,11,28,101,111,25
,북구,,합계,456,346,408,265,205,295,334,480,274,357,433,932,796,319
,,,관할시군구내,278,216,280,160,140,179,190,280,162,225,251,538,423,172
,,,관할시도내,119,95,84,78,47,84,85,135,76,99,137,263,251,104
,,,관할시도외_서울,8,0,4,1,1,1,3,4,1,1,4,13,11,4
,,,관할시도외_기타,51,35,40,26,17,31,56,61,35,32,41,118,111,39
,울주군,,합계,319,307,280,234,161,249,299,412,290,274,344,499,563,318
,,,관할시군구내,202,190,167,129,112,146,185,241,155,170,215,296,323,204
,,,관할시도내,82,92,73,63,31,60,78,120,93,69,90,139,177,76
,,,관할시도외_서울,5,2,9,1,2,4,5,7,3,3,4,4,4,2
,,,관할시도외_기타,30,23,31,41,16,39,31,44,39,32,35,60,59,36
세종,,,합계,1869,1649,1401,843,470,583,1566,1575,2110,588,513,402,1120,877
,,,관할시군구내,959,886,684,439,287,360,932,891,1540,356,345,211,620,430
,,,관할시도내,0,0,0,0,0,0,0,0,0,0,0,0,0,0
,,,관할시도외_서울,47,45,60,30,11,22,55,67,64,28,16,23,65,205
,,,관할시도외_기타,863,718,657,374,172,201,579,617,506,204,152,168,435,242
,세종시,,합계,1869,1649,1401,843,470,583,1566,1575,2110,588,513,402,1120,877
,,,관할시군구내,959,886,684,439,287,360,932,891,1540,356,345,211,620,430
,,,관할시도내,0,0,0,0,0,0,0,0,0,0,0,0,0,0
,,,관할시도외_서울,47,45,60,30,11,22,55,67,64,28,16,23,65,205
,,,관할시도외_기타,863,718,657,374,172,201,579,617,506,204,152,168,435,242
경기,,,합계,25095,24502,32381,28665,13735,16029,34199,31735,17799,16956,18905,19845,30495,20938
,,,관할시군구내,12152,11781,14571,13111,6592,7867,15159,15038,9286,8770,9532,9827,13331,9035
,,,관할시도내,6581,6795,9831,8276,3676,4033,9330,7771,4129,3919,4334,4437,8070,5654
,,,관할시도외_서울,3653,3258,4397,3982,2002,2422,5937,5740,3047,2910,3211,3431,5622,3936
,,,관할시도외_기타,2709,2668,3582,3296,1465,1707,3773,3186,1337,1357,1828,2150,3472,2313
,수원시,,합계,3327,3868,5280,1832,811,1148,2299,2553,1568,1435,1744,1643,3242,2690
,,,관할시군구내,1268,1482,1933,668,345,379,915,1207,871,853,925,992,1608,1385
,,,관할시도내,1294,1592,2204,774,327,391,856,936,505,380,560,432,1027,829
,,,관할시도외_서울,304,354,458,171,67,274,178,221,117,109,138,116,290,227
,,,관할시도외_기타,461,440,685,219,72,104,350,189,75,93,121,103,317,249
,,장안구,합계,423,725,1336,498,192,290,607,511,256,244,276,250,486,388
,,,관할시군구내,204,305,539,214,90,113,206,222,125,131,116,127,181,136
,,,관할시도내,140,285,529,181,64,122,163,187,86,65,107,82,189,162
,,,관할시도외_서울,40,65,114,55,18,27,39,64,25,27,40,26,73,55
,,,관할시도외_기타,39,70,154,48,20,28,199,38,20,21,13,15,43,35
,,권선구,합계,907,1110,1639,553,279,251,594,816,723,648,576,624,1139,941
,,,관할시군구내,341,430,576,188,131,107,255,440,503,477,363,477,686,566
,,,관할시도내,362,440,687,237,102,102,248,274,160,123,145,104,265,255
,,,관할시도외_서울,75,95,143,54,22,24,44,55,39,32,28,19,75,58
,,,관할시도외_기타,129,145,233,74,24,18,47,47,21,16,40,24,113,62
,,팔달구,합계,353,445,577,225,113,267,215,217,112,97,171,134,329,279
,,,관할시군구내,109,149,186,85,47,28,67,75,44,31,68,50,92,53
,,,관할시도내,187,224,297,99,57,35,108,104,52,45,80,59,159,120
,,,관할시도외_서울,28,36,45,15,4,192,26,17,11,11,14,10,35,27
,,,관할시도외_기타,29,36,49,26,5,12,14,21,5,10,9,15,43,79
,,영통구,합계,1644,1588,1728,556,227,340,883,1009,477,446,721,635,1288,1082
,,,관할시군구내,614,598,632,181,77,131,387,470,199,214,378,338,649,630
,,,관할시도내,605,643,691,257,104,132,337,371,207,147,228,187,414,292
,,,관할시도외_서울,161,158,156,47,23,31,69,85,42,39,56,61,107,87
,,,관할시도외_기타,264,189,249,71,23,46,90,83,29,46,59,49,118,73
,성남시,,합계,1986,1517,1202,1088,423,473,1389,2220,852,890,917,1003,1777,754
,,,관할시군구내,998,766,512,507,224,250,640,1055,392,486,561,557,945,370
,,,관할시도내,543,417,427,343,106,117,394,631,223,222,192,226,412,198
,,,관할시도외_서울,314,215,188,159,67,84,265,414,193,143,132,162,297,128
,,,관할시도외_기타,131,119,75,79,26,22,90,120,44,39,32,58,123,58
,,수정구,합계,247,150,145,128,59,55,147,186,98,104,91,100,175,74
,,,관할시군구내,83,49,37,44,30,22,49,44,27,26,28,22,30,17
,,,관할시도내,76,45,50,46,17,18,47,53,26,30,28,34,66,27
,,,관할시도외_서울,65,38,43,24,6,13,37,74,39,43,30,37,70,21
,,,관할시도외_기타,23,18,15,14,6,2,14,15,6,5,5,7,9,9
,,중원구,합계,263,189,239,190,68,64,167,311,128,127,126,124,167,115
,,,관할시군구내,107,82,94,78,24,25,61,100,40,44,44,47,48,47
,,,관할시도내,99,63,90,67,30,25,57,125,38,47,41,40,72,42
,,,관할시도외_서울,36,30,42,30,7,10,31,63,41,31,33,28,35,21
,,,관할시도외_기타,21,14,13,15,7,4,18,23,9,5,8,9,12,5
,,분당구,합계,1476,1178,818,770,296,354,1075,1723,626,659,700,779,1435,565
,,,관할시군구내,808,635,381,385,170,203,530,911,325,416,489,488,867,306
,,,관할시도내,368,309,287,230,59,74,290,453,159,145,123,152,274,129
,,,관할시도외_서울,213,147,103,105,54,61,197,277,113,69,69,97,192,86
,,,관할시도외_기타,87,87,47,50,13,16,58,82,29,29,19,42,102,44
,의정부시,,합계,628,651,878,1140,664,665,1259,973,660,642,723,748,1095,811
,,,관할시군구내,324,356,454,530,307,305,564,410,274,288,331,342,447,312
,,,관할시도내,90,90,117,247,135,118,236,139,91,87,89,105,161,115
,,,관할시도외_서울,140,146,227,247,154,188,353,368,264,237,265,252,408,325
,,,관할시도외_기타,74,59,80,116,68,54,106,56,31,30,38,49,79,59
,안양시,,합계,1572,1371,1795,1244,490,557,1529,1270,730,582,557,504,1232,869
,,,관할시군구내,787,654,868,546,255,289,645,560,327,253,250,241,504,347
,,,관할시도내,460,435,571,427,155,171,406,395,213,183,149,115,394,262
,,,관할시도외_서울,187,171,213,169,45,64,385,197,144,110,118,95,253,195
,,,관할시도외_기타,138,111,143,102,35,33,93,118,46,36,40,53,81,65
,,만안구,합계,514,502,512,302,161,179,335,321,202,204,192,205,370,247
,,,관할시군구내,261,270,285,146,87,117,170,160,93,89,93,100,177,110
,,,관할시도내,116,125,120,84,51,29,77,82,57,65,44,37,98,56
,,,관할시도외_서울,65,74,73,51,13,26,62,52,46,43,43,37,82,65
,,,관할시도외_기타,72,33,34,21,10,7,26,27,6,7,12,31,13,16
,,동안구,합계,1058,869,1283,942,329,378,1194,949,528,378,365,299,862,622
,,,관할시군구내,526,384,583,400,168,172,475,400,234,164,157,141,327,237
,,,관할시도내,344,310,451,343,104,142,329,313,156,118,105,78,296,206
,,,관할시도외_서울,122,97,140,118,32,38,323,145,98,67,75,58,171,130
,,,관할시도외_기타,66,78,109,81,25,26,67,91,40,29,28,22,68,49
,부천시,,합계,1193,1088,1457,1897,912,948,1630,1309,704,616,715,779,1155,838
,,,관할시군구내,771,697,879,1103,535,549,929,714,414,358,426,453,594,432
,,,관할시도내,101,95,168,243,102,89,222,154,69,68,73,68,141,98
,,,관할시도외_서울,162,151,203,261,128,170,269,242,137,128,149,164,257,187
,,,관할시도외_기타,159,145,207,290,147,140,210,199,84,62,67,94,163,121
,광명시,,합계,575,581,556,633,238,272,768,1000,326,239,213,163,359,293
,,,관할시군구내,291,292,275,297,115,155,349,463,148,107,97,67,147,96
,,,관할시도내,60,89,91,89,32,30,106,123,43,31,28,25,61,44
,,,관할시도외_서울,177,136,139,193,61,69,241,331,112,77,66,48,117,119
,,,관할시도외_기타,47,64,51,54,30,18,72,83,23,24,22,23,34,34
,평택시,,합계,517,562,890,1106,710,803,1636,809,574,640,832,794,1432,1134
,,,관할시군구내,283,323,490,551,399,415,699,405,324,339,415,376,566,476
,,,관할시도내,130,102,186,242,164,161,485,184,118,136,202,183,363,289
,,,관할시도외_서울,16,29,54,60,33,40,116,52,36,55,44,59,122,102
,,,관할시도외_기타,88,108,160,253,114,187,336,168,96,110,171,176,381,267
,동두천시,,합계,109,89,137,126,114,130,200,225,125,139,150,183,449,586
,,,관할시군구내,56,56,83,71,59,79,95,109,68,75,77,75,126,214
,,,관할시도내,27,13,25,33,30,34,50,44,27,31,26,57,163,172
,,,관할시도외_서울,22,15,18,16,19,14,36,54,26,26,24,41,90,126
,,,관할시도외_기타,4,5,11,6,6,3,19,18,4,7,23,10,70,74
,안산시,,합계,822,1022,1514,2005,862,1074,1749,690,417,480,533,476,905,951
,,,관할시군구내,419,556,736,928,384,475,787,305,189,207,259,219,411,388
,,,관할시도내,273,330,545,747,326,400,646,233,144,189,179,171,340,319
,,,관할시도외_서울,57,66,109,121,78,82,169,63,36,48,49,41,66,130
,,,관할시도외_기타,73,70,124,209,74,117,147,89,48,36,46,45,88,114
,,상록구,합계,286,385,575,734,349,438,740,396,192,218,233,236,376,379
,,,관할시군구내,149,214,290,336,160,211,311,176,90,107,107,114,191,171
,,,관할시도내,94,126,202,286,127,156,291,132,57,76,85,87,132,126
,,,관할시도외_서울,14,21,44,44,34,28,74,44,20,20,17,19,27,52
,,,관할시도외_기타,29,24,39,68,28,43,64,44,25,15,24,16,26,30
,,단원구,합계,536,637,939,1271,513,636,1009,294,225,262,300,240,529,572
,,,관할시군구내,270,342,446,592,224,264,476,129,99,100,152,105,220,217
,,,관할시도내,179,204,343,461,199,244,355,101,87,113,94,84,208,193
,,,관할시도외_서울,43,45,65,77,44,54,95,19,16,28,32,22,39,78
,,,관할시도외_기타,44,46,85,141,46,74,83,45,23,21,22,29,62,84
,고양시,,합계,2334,1916,1985,2018,1145,1445,4148,2855,1406,1175,1357,2078,3423,1734
,,,관할시군구내,980,876,910,871,496,656,1553,1158,599,491,592,829,1109,652
,,,관할시도내,597,432,500,501,296,333,1077,677,328,287,331,504,822,402
,,,관할시도외_서울,526,418,392,432,233,303,1041,730,377,320,326,551,1064,495
,,,관할시도외_기타,231,190,183,214,120,153,477,290,102,77,108,194,428,185
,,덕양구,합계,803,812,853,838,451,582,1359,1003,543,421,475,665,1149,786
,,,관할시군구내,356,399,423,437,205,284,589,445,257,185,225,296,420,355
,,,관할시도내,155,131,146,127,99,114,265,155,89,63,82,114,169,114
,,,관할시도외_서울,225,207,217,217,107,140,400,332,169,149,140,210,448,260
,,,관할시도외_기타,67,75,67,57,40,44,105,71,28,24,28,45,112,57
,,일산동구,합계,569,447,468,491,275,382,1033,691,319,284,363,507,836,402
,,,관할시군구내,224,208,219,194,109,165,335,271,123,118,153,173,265,141
,,,관할시도내,184,123,146,160,81,108,324,188,86,71,107,154,233,107
,,,관할시도외_서울,102,77,66,77,54,70,251,159,83,75,75,131,221,98
,,,관할시도외_기타,59,39,37,60,31,39,123,73,27,20,28,49,117,56
,,일산서구,합계,962,657,664,689,419,481,1756,1161,544,470,519,906,1438,546
,,,관할시군구내,400,269,268,240,182,207,629,442,219,188,214,360,424,156
,,,관할시도내,258,178,208,214,116,111,488,334,153,153,142,236,420,181
,,,관할시도외_서울,199,134,109,138,72,93,390,239,125,96,111,210,395,137
,,,관할시도외_기타,105,76,79,97,49,70,249,146,47,33,52,100,199,72
,과천시,,합계,90,23,18,12,6,16,42,56,20,19,17,29,114,61
,,,관할시군구내,19,9,3,3,4,5,8,7,6,3,5,9,41,15
,,,관할시도내,42,8,11,8,1,6,20,24,6,8,4,11,46,22
,,,관할시도외_서울,22,2,3,1,1,4,11,20,8,6,5,8,21,20
,,,관할시도외_기타,7,4,1,0,0,1,3,5,0,2,3,1,6,4
,구리시,,합계,397,440,558,460,139,150,268,413,202,154,149,112,239,199
,,,관할시군구내,200,226,265,225,59,76,127,185,86,59,62,41,88,68
,,,관할시도내,88,87,112,91,32,30,56,67,36,26,31,15,42,39
,,,관할시도외_서울,91,110,149,118,38,33,74,144,69,60,51,53,92,81
,,,관할시도외_기타,18,17,32,26,10,11,11,17,11,9,5,3,17,11
,남양주시,,합계,1145,1149,1669,2023,1073,1117,2624,2003,1034,875,931,989,1625,1361
,,,관할시군구내,571,605,889,962,519,568,1248,984,526,447,448,496,729,553
,,,관할시도내,186,173,261,429,181,197,459,329,161,129,144,141,251,236
,,,관할시도외_서울,292,289,387,490,279,263,663,535,282,248,286,278,516,425
,,,관할시도외_기타,96,82,132,142,94,89,254,155,65,51,53,74,129,147
,오산시,,합계,322,432,850,1004,437,596,1057,848,418,608,752,537,728,550
,,,관할시군구내,144,170,326,341,158,325,628,488,226,381,470,312,334,226
,,,관할시도내,116,162,371,468,194,192,311,245,137,160,173,146,248,219
,,,관할시도외_서울,27,15,55,60,38,30,41,39,23,30,25,28,62,41
,,,관할시도외_기타,35,85,98,135,47,49,77,76,32,37,84,51,84,64
,시흥시,,합계,754,923,1314,1598,834,929,1551,1019,578,612,674,650,1180,793
,,,관할시군구내,384,522,629,771,472,509,764,454,287,286,345,290,500,344
,,,관할시도내,187,196,328,431,193,246,414,292,151,175,155,156,311,219
,,,관할시도외_서울,80,82,134,179,84,75,170,148,81,94,97,116,215,133
,,,관할시도외_기타,103,123,223,217,85,99,203,125,59,57,77,88,154,97
,군포시,,합계,530,554,1202,1758,420,412,948,459,211,261,268,237,684,692
,,,관할시군구내,276,273,550,816,178,218,463,214,104,131,129,130,326,322
,,,관할시도내,153,188,377,582,148,119,271,136,55,64,69,54,174,176
,,,관할시도외_서울,57,45,144,174,54,41,131,59,39,47,41,38,115,142
,,,관할시도외_기타,44,48,131,186,40,34,83,50,13,19,29,15,69,52
,의왕시,,합계,469,486,701,364,151,360,307,341,160,139,143,143,421,298
,,,관할시군구내,192,190,269,153,57,293,115,131,52,57,57,67,145,99
,,,관할시도내,203,195,297,154,69,46,123,143,79,64,55,55,187,131
,,,관할시도외_서울,42,55,77,37,14,13,30,45,21,10,20,18,65,44
,,,관할시도외_기타,32,46,58,20,11,8,39,22,8,8,11,3,24,24
,하남시,,합계,582,402,396,315,121,148,488,1602,316,220,216,147,389,350
,,,관할시군구내,196,136,136,97,42,58,142,1109,108,64,65,34,79,90
,,,관할시도내,125,80,70,66,21,23,108,123,50,40,41,41,78,77
,,,관할시도외_서울,206,161,162,134,51,51,207,315,129,99,87,60,197,159
,,,관할시도외_기타,55,25,28,18,7,16,31,55,29,17,23,12,35,24
,용인시,,합계,2596,2618,4259,2564,1028,1229,2898,3309,1736,1479,1468,1687,2843,1624
,,,관할시군구내,1018,1043,1590,1028,410,551,1134,1276,673,537,549,564,918,519
,,,관할시도내,946,977,1605,918,357,416,1092,1244,681,581,585,567,1171,661
,,,관할시도외_서울,353,317,623,318,125,164,406,497,243,227,201,218,458,276
,,,관할시도외_기타,279,281,441,300,136,98,266,292,139,134,133,338,296,168
,,처인구,합계,214,228,417,379,258,276,419,449,283,347,298,325,442,334
,,,관할시군구내,105,132,175,177,122,149,214,200,110,152,132,135,158,94
,,,관할시도내,58,58,100,134,69,74,131,154,115,137,123,122,197,151
,,,관할시도외_서울,21,22,106,21,24,23,23,40,21,37,16,21,46,43
,,,관할시도외_기타,30,16,36,47,43,30,51,55,37,21,27,47,41,46
,,기흥구,합계,994,1086,1844,1301,492,582,1343,1449,789,567,555,596,1114,705
,,,관할시군구내,408,408,717,551,189,247,490,564,332,205,205,221,366,228
,,,관할시도내,357,449,725,463,179,219,555,564,314,226,230,249,477,288
,,,관할시도외_서울,126,104,211,136,56,78,171,191,85,79,64,78,149,120
,,,관할시도외_기타,103,125,191,151,68,38,127,130,58,57,56,48,122,69
,,수지구,합계,1388,1304,1998,884,278,371,1136,1411,664,565,615,766,1287,585
,,,관할시군구내,505,503,698,300,99,155,430,512,231,180,212,208,394,197
,,,관할시도내,531,470,780,321,109,123,406,526,252,218,232,196,497,222
,,,관할시도외_서울,206,191,306,161,45,63,212,266,137,111,121,119,263,113
,,,관할시도외_기타,146,140,214,102,25,30,88,107,44,56,50,243,133,53
,파주시,,합계,354,409,580,596,356,393,920,1267,1586,1582,1354,1885,1577,649
,,,관할시군구내,206,232,357,335,204,236,446,754,1279,1185,941,1157,835,475
,,,관할시도내,67,81,101,131,56,73,238,240,159,194,199,342,309,89
,,,관할시도외_서울,47,48,67,75,55,34,148,179,92,119,132,225,237,45
,,,관할시도외_기타,34,48,55,55,41,50,88,94,56,84,82,161,196,40
,이천시,,합계,158,190,192,178,126,166,241,344,193,213,207,235,306,297
,,,관할시군구내,108,133,141,126,86,117,157,164,140,159,137,148,154,163
,,,관할시도내,25,26,32,34,22,19,49,39,27,27,37,39,82,64
,,,관할시도외_서울,16,12,6,5,7,11,15,45,12,14,14,21,21,30
,,,관할시도외_기타,9,19,13,13,11,19,20,96,14,13,19,27,49,40
,안성시,,합계,332,197,259,344,244,279,497,547,205,233,316,335,614,527
,,,관할시군구내,102,103,131,181,117,115,217,266,112,133,150,127,243,210
,,,관할시도내,54,55,81,82,58,82,158,83,53,56,98,80,138,128
,,,관할시도외_서울,131,6,20,31,21,10,50,35,10,17,23,43,51,59
,,,관할시도외_기타,45,33,27,50,48,72,72,163,30,27,45,85,182,130
,김포시,,합계,1373,624,693,966,579,698,1974,2310,1439,1729,2373,1708,399,291
,,,관할시군구내,1046,276,285,348,236,260,717,896,715,797,1028,752,161,109
,,,관할시도내,77,64,83,186,104,107,366,349,189,231,290,212,48,38
,,,관할시도외_서울,160,167,217,236,146,201,537,666,357,468,649,505,128,110
,,,관할시도외_기타,90,117,108,196,93,130,354,399,178,233,406,239,62,34
,화성시,,합계,2196,2558,2926,2183,900,1068,2157,1843,1084,977,1147,1526,2667,1393
,,,관할시군구내,1137,1315,1312,1018,430,466,1079,992,598,529,597,910,1585,676
,,,관할시도내,550,718,974,722,306,398,693,559,315,296,358,392,672,470
,,,관할시도외_서울,121,156,208,140,66,66,126,106,77,60,94,85,156,104
,,,관할시도외_기타,388,369,432,303,98,138,259,186,94,92,98,139,254,143
,광주시,,합계,261,323,491,611,430,438,818,677,434,366,377,389,469,302
,,,관할시군구내,120,170,245,290,221,228,360,293,191,159,168,174,200,121
,,,관할시도내,83,92,168,200,129,141,302,223,151,120,124,120,164,103
,,,관할시도외_서울,38,36,52,73,61,43,110,101,66,69,51,72,70,53
,,,관할시도외_기타,20,25,26,48,19,26,46,60,26,18,34,23,35,25
,양주시,,합계,270,316,324,354,330,305,524,434,543,380,459,490,811,524
,,,관할시군구내,118,185,136,163,149,151,208,211,401,215,250,255,323,205
,,,관할시도내,75,70,91,90,100,64,150,98,72,79,97,113,202,142
,,,관할시도외_서울,50,42,63,70,58,65,124,90,59,62,88,94,201,130
,,,관할시도외_기타,27,19,34,31,23,25,42,35,11,24,24,28,85,47
,포천시,,합계,67,61,91,93,70,61,88,126,94,90,98,117,135,166
,,,관할시군구내,50,39,62,72,54,43,59,91,63,56,72,81,83,81
,,,관할시도내,10,10,8,14,8,8,13,20,17,18,10,17,17,46
,,,관할시도외_서울,6,7,11,3,6,7,9,10,11,10,7,12,26,22
,,,관할시도외_기타,1,5,10,4,2,3,7,5,3,6,9,7,9,17
,여주시,,합계,50,52,72,57,54,69,99,107,92,83,103,143,124,102
,,,관할시군구내,27,30,42,34,33,49,56,67,50,61,63,74,67,36
,,,관할시도내,9,13,16,15,12,7,14,20,21,17,20,23,34,44
,,,관할시도외_서울,2,2,7,4,5,10,18,9,13,2,5,10,10,11
,,,관할시도외_기타,12,7,7,4,4,3,11,11,8,3,15,36,13,11
,연천군,,합계,11,9,9,21,12,15,16,26,13,15,18,13,15,13
,,,관할시군구내,8,6,6,17,5,7,11,14,7,8,12,6,10,6
,,,관할시도내,1,2,1,2,5,6,3,5,1,5,1,2,1,4
,,,관할시도외_서울,0,0,1,0,1,0,2,6,2,0,2,1,1,2
,,,관할시도외_기타,2,1,1,2,1,2,0,1,3,2,3,4,3,1
,가평군,,합계,31,30,24,22,16,23,25,18,23,22,28,25,25,21
,,,관할시군구내,28,29,19,18,7,18,13,12,17,14,17,10,16,10
,,,관할시도내,1,0,2,2,4,2,6,2,1,2,3,6,5,4
,,,관할시도외_서울,0,1,2,1,3,3,2,2,3,4,6,5,3,4
,,,관할시도외_기타,2,0,1,1,2,0,4,2,2,2,2,4,1,3
,양평군,,합계,44,41,59,53,40,42,50,82,56,61,66,77,61,65
,,,관할시군구내,25,31,38,41,32,22,31,44,39,32,34,39,37,35
,,,관할시도내,8,3,8,5,3,7,6,14,6,13,11,19,6,14
,,,관할시도외_서울,7,4,8,4,4,10,10,17,8,11,16,12,13,11
,,,관할시도외_기타,4,3,5,3,1,3,3,7,3,5,5,7,5,5
강원,,,합계,1949,1765,2086,1858,1659,1932,2610,2458,2114,1807,1987,2602,3388,2450
,,,관할시군구내,1119,1130,1337,1207,1131,1140,1563,1531,1214,1156,1258,1653,1775,1360
,,,관할시도내,125,162,174,120,112,137,159,168,159,141,139,221,291,179
,,,관할시도외_서울,290,119,157,123,145,219,267,225,420,170,184,202,420,298
,,,관할시도외_기타,415,354,418,408,271,436,621,534,321,340,406,526,902,613
,춘천시,,합계,314,349,432,347,348,366,499,485,354,367,416,421,557,456
,,,관할시군구내,225,239,319,271,275,261,343,329,243,237,254,252,324,257
,,,관할시도내,36,31,32,21,20,34,26,26,32,23,19,33,27,32
,,,관할시도외_서울,17,16,21,17,21,25,46,46,39,36,35,47,71,51
,,,관할시도외_기타,36,63,60,38,32,46,84,84,40,71,108,89,135,116
,원주시,,합계,501,515,673,621,499,736,1058,885,786,489,532,910,1397,1000
,,,관할시군구내,295,310,345,329,299,357,547,526,348,325,353,564,639,527
,,,관할시도내,34,33,49,28,28,42,51,65,48,35,34,78,107,68
,,,관할시도외_서울,40,34,58,41,49,100,115,66,273,28,39,54,200,126
,,,관할시도외_기타,132,138,221,223,123,237,345,228,117,101,106,214,451,279
,강릉시,,합계,347,426,385,312,248,246,363,365,284,297,324,576,428,308
,,,관할시군구내,270,269,269,214,170,160,252,244,193,211,207,424,229,168
,,,관할시도내,20,31,32,17,24,17,21,27,20,17,25,35,39,22
,,,관할시도외_서울,20,32,24,21,17,22,36,30,22,20,22,29,54,30
,,,관할시도외_기타,37,94,60,60,37,47,54,64,49,49,70,88,106,88
,동해시,,합계,78,70,100,105,107,100,118,101,127,116,114,127,258,123
,,,관할시군구내,43,38,64,71,78,65,81,67,86,69,74,85,210,83
,,,관할시도내,7,13,11,11,8,10,11,7,14,20,15,23,19,8
,,,관할시도외_서울,10,2,10,4,12,7,11,5,6,9,6,4,10,6
,,,관할시도외_기타,18,17,15,19,9,18,15,22,21,18,19,15,19,26
,태백시,,합계,44,64,79,53,44,48,42,56,55,44,28,52,55,45
,,,관할시군구내,27,31,67,40,33,37,31,38,42,30,24,28,38,32
,,,관할시도내,4,27,5,4,6,4,4,2,2,7,1,13,5,5
,,,관할시도외_서울,6,2,3,2,1,1,3,1,3,0,0,2,2,0
,,,관할시도외_기타,7,4,4,7,4,6,4,15,8,7,3,9,10,8
,속초시,,합계,217,149,177,164,194,175,241,234,202,194,275,236,371,265
,,,관할시군구내,91,100,112,109,125,92,132,128,116,111,144,127,141,130
,,,관할시도내,12,17,23,18,12,15,26,20,22,23,26,24,72,25
,,,관할시도외_서울,85,13,18,14,28,30,37,36,26,31,51,32,53,52
,,,관할시도외_기타,29,19,24,23,29,38,46,50,38,29,54,53,105,58
,삼척시,,합계,53,58,62,58,54,53,64,57,48,46,66,51,73,54
,,,관할시군구내,43,45,46,40,45,46,46,45,44,34,53,37,54,41
,,,관할시도내,1,5,4,4,3,1,7,4,1,2,2,5,6,4
,,,관할시도외_서울,2,3,2,3,0,1,2,0,0,2,2,1,2,3
,,,관할시도외_기타,7,5,10,11,6,5,9,8,3,8,9,8,11,6
,홍천군,,합계,36,37,42,43,38,34,28,36,48,41,38,34,49,39
,,,관할시군구내,32,28,29,35,28,28,26,22,33,24,33,23,41,35
,,,관할시도내,0,2,4,4,0,1,1,8,5,5,2,0,1,0
,,,관할시도외_서울,1,2,3,1,3,2,1,1,6,3,1,4,1,0
,,,관할시도외_기타,3,5,6,3,7,3,0,5,4,9,2,7,6,4
,횡성군,,합계,33,18,15,14,19,20,25,25,12,25,21,17,14,18
,,,관할시군구내,30,14,9,10,12,16,20,16,6,17,12,12,10,9
,,,관할시도내,1,1,0,2,2,0,1,1,3,2,3,1,0,3
,,,관할시도외_서울,0,1,3,1,1,2,0,2,0,1,2,1,1,4
,,,관할시도외_기타,2,2,3,1,4,2,4,6,3,5,4,3,3,2
,영월군,,합계,14,16,17,17,8,10,15,13,20,18,15,19,15,15
,,,관할시군구내,10,14,13,14,5,9,9,13,13,13,11,13,10,14
,,,관할시도내,1,0,2,2,2,0,4,0,2,1,3,1,2,0
,,,관할시도외_서울,0,2,0,0,1,0,0,0,2,0,0,1,0,0
,,,관할시도외_기타,3,0,2,1,0,1,2,0,3,4,1,4,3,1
,평창군,,합계,23,17,32,40,31,45,63,81,79,65,54,51,72,31
,,,관할시군구내,8,13,16,20,14,14,23,27,24,20,27,16,27,10
,,,관할시도내,5,2,5,4,3,3,2,2,6,1,3,5,4,1
,,,관할시도외_서울,4,2,4,8,5,13,12,23,33,25,13,10,14,10
,,,관할시도외_기타,6,0,7,8,9,15,26,29,16,19,11,20,27,10
,정선군,,합계,13,14,13,24,18,16,19,21,14,18,16,23,15,19
,,,관할시군구내,13,12,10,14,12,12,13,17,9,12,12,16,9,10
,,,관할시도내,0,0,1,2,4,2,2,2,2,3,1,0,1,5
,,,관할시도외_서울,0,1,2,2,1,2,1,0,0,0,1,6,0,1
,,,관할시도외_기타,0,1,0,6,1,0,3,2,3,3,2,1,5,3
,철원군,,합계,11,2,8,12,7,23,7,14,6,10,14,22,9,9
,,,관할시군구내,9,2,6,9,4,18,5,11,4,9,13,16,7,9
,,,관할시도내,0,0,1,0,0,1,1,1,0,0,0,0,0,0
,,,관할시도외_서울,0,0,0,1,0,1,0,0,0,0,1,1,0,0
,,,관할시도외_기타,2,0,1,2,3,3,1,2,2,1,0,5,2,0
,화천군,,합계,1,1,1,2,2,1,4,2,3,6,7,4,5,1
,,,관할시군구내,1,1,0,2,1,1,2,0,2,6,6,4,4,1
,,,관할시도내,0,0,1,0,0,0,0,1,0,0,0,0,1,0
,,,관할시도외_서울,0,0,0,0,0,0,0,0,0,0,0,0,0,0
,,,관할시도외_기타,0,0,0,0,1,0,2,1,1,0,1,0,0,0
,양구군,,합계,109,6,3,5,7,4,2,23,23,7,7,3,10,11
,,,관할시군구내,8,4,3,5,7,3,2,20,19,6,6,3,9,10
,,,관할시도내,1,0,0,0,0,0,0,0,0,0,0,0,1,0
,,,관할시도외_서울,100,1,0,0,0,0,0,1,3,0,0,0,0,0
,,,관할시도외_기타,0,1,0,0,0,1,0,2,1,1,1,0,0,1
,인제군,,합계,8,5,10,11,7,8,3,7,13,14,5,6,7,5
,,,관할시군구내,5,2,8,9,7,7,1,4,13,9,4,6,5,5
,,,관할시도내,1,0,2,0,0,0,0,1,0,1,0,0,0,0
,,,관할시도외_서울,1,2,0,1,0,1,0,0,0,3,0,0,1,0
,,,관할시도외_기타,1,1,0,1,0,0,2,2,0,1,1,0,1,0
,고성군,,합계,132,6,13,10,11,17,17,11,6,12,17,10,12,13
,,,관할시군구내,1,3,11,6,7,5,7,5,4,2,10,5,4,3
,,,관할시도내,2,0,1,0,0,2,1,0,0,0,2,1,1,4
,,,관할시도외_서울,1,1,1,2,1,5,0,2,0,5,0,3,2,3
,,,관할시도외_기타,128,2,0,2,3,5,9,4,2,5,5,1,5,3
,양양군,,합계,15,12,24,20,17,30,42,42,34,38,38,40,41,38
,,,관할시군구내,8,5,10,9,9,9,23,19,15,21,15,22,14,16
,,,관할시도내,0,0,1,3,0,5,1,1,2,1,3,2,5,2
,,,관할시도외_서울,3,5,8,5,5,7,3,12,7,7,11,7,9,12
,,,관할시도외_기타,4,2,5,3,3,9,15,10,10,9,9,9,13,8
충북,,,합계,2761,2035,2600,2313,1941,3412,4336,2211,1607,1960,2018,2526,3397,2804
,,,관할시군구내,1080,1062,1434,1339,959,1423,1965,1175,992,1218,1100,1229,1465,1359
,,,관할시도내,427,381,439,367,318,581,759,297,218,288,339,416,585,530
,,,관할시도외_서울,94,92,127,84,86,160,227,127,77,78,97,134,214,175
,,,관할시도외_기타,1160,500,600,523,578,1248,1385,612,320,376,482,747,1133,740
,청주시,,합계,1613,1356,1535,1305,1277,2459,3125,1136,767,889,1056,1510,2219,1506
,,,관할시군구내,635,648,760,630,547,879,1290,547,419,433,458,603,800,622
,,,관할시도내,370,319,351,306,255,493,653,203,150,200,268,327,483,367
,,,관할시도외_서울,67,46,52,39,52,117,148,62,35,35,49,64,124,94
,,,관할시도외_기타,541,343,372,330,423,970,1034,324,163,221,281,516,812,423
,,상당구,합계,248,252,274,260,256,320,471,244,166,196,221,229,340,268
,,,관할시군구내,116,137,135,140,124,153,198,141,79,98,98,105,124,116
,,,관할시도내,78,82,104,91,76,89,159,59,54,56,75,76,107,92
,,,관할시도외_서울,2,2,3,2,3,6,8,7,4,7,6,6,11,12
,,,관할시도외_기타,52,31,32,27,53,72,106,37,29,35,42,42,98,48
,,서원구,합계,318,293,308,274,288,520,753,307,170,186,217,322,582,393
,,,관할시군구내,122,130,164,141,111,166,247,116,91,87,101,113,164,133
,,,관할시도내,98,88,76,68,59,118,147,60,32,42,61,87,110,93
,,,관할시도외_서울,9,10,14,2,18,25,54,23,9,10,13,15,48,26
,,,관할시도외_기타,89,65,54,63,100,211,305,108,38,47,42,107,260,141
,,흥덕구,합계,709,541,639,491,457,1079,1144,398,285,348,391,711,835,528
,,,관할시군구내,252,240,278,203,170,338,423,175,146,148,142,257,277,208
,,,관할시도내,117,91,115,87,68,166,226,56,39,71,82,117,155,105
,,,관할시도외_서울,38,27,28,25,24,57,58,25,18,9,27,37,53,46
,,,관할시도외_기타,302,183,218,176,195,518,437,142,82,120,140,300,350,169
,,청원구,합계,338,270,314,280,276,540,757,187,146,159,227,248,462,317
,,,관할시군구내,145,141,183,146,142,222,422,115,103,100,117,128,235,165
,,,관할시도내,77,58,56,60,52,120,121,28,25,31,50,47,111,77
,,,관할시도외_서울,18,7,7,10,7,29,28,7,4,9,3,6,12,10
,,,관할시도외_기타,98,64,68,64,75,169,186,37,14,19,57,67,104,65
,충주시,,합계,265,336,386,310,274,500,576,489,246,303,391,517,611,491
,,,관할시군구내,188,227,233,193,151,246,286,286,157,201,252,328,336,287
,,,관할시도내,16,16,27,14,20,39,27,21,9,15,13,26,22,23
,,,관할시도외_서울,17,25,26,21,19,28,47,35,14,21,27,39,65,45
,,,관할시도외_기타,44,68,100,82,84,187,216,147,66,66,99,124,188,136
,제천시,,합계,171,118,323,377,145,145,207,189,199,213,184,157,146,302
,,,관할시군구내,99,76,219,316,106,109,143,124,139,168,117,104,88,149
,,,관할시도내,6,10,19,15,5,9,15,13,22,12,11,14,9,49
,,,관할시도외_서울,4,10,33,4,5,1,9,10,6,8,5,11,9,14
,,,관할시도외_기타,62,22,52,42,29,26,40,42,32,25,51,28,40,90
,보은군,,합계,385,8,15,25,18,23,17,34,20,35,34,18,16,4
,,,관할시군구내,2,4,12,20,11,17,10,26,15,24,28,10,14,2
,,,관할시도내,0,2,0,1,1,2,2,1,1,3,1,2,0,1
,,,관할시도외_서울,0,0,0,0,2,0,3,0,2,0,1,0,0,0
,,,관할시도외_기타,383,2,3,4,4,4,2,7,2,8,4,6,2,1
,옥천군,,합계,25,21,26,26,10,21,26,23,25,14,24,30,44,58
,,,관할시군구내,13,18,15,18,8,14,15,15,13,11,20,20,31,48
,,,관할시도내,1,1,1,2,0,0,1,1,1,0,1,0,1,2
,,,관할시도외_서울,0,0,0,0,0,0,1,1,2,0,0,0,0,1
,,,관할시도외_기타,11,2,10,6,2,7,9,6,9,3,3,10,12,7
,영동군,,합계,34,8,35,11,18,9,12,13,17,16,14,16,28,54
,,,관할시군구내,33,6,30,9,11,6,5,11,14,15,13,14,20,48
,,,관할시도내,0,0,1,1,0,1,0,0,1,0,1,0,1,3
,,,관할시도외_서울,0,0,0,0,1,0,1,0,0,0,0,1,1,0
,,,관할시도외_기타,1,2,4,1,6,2,6,2,2,1,0,1,6,3
,증평군,,합계,36,25,33,28,40,33,97,41,129,285,101,41,46,42
,,,관할시군구내,22,11,23,18,27,22,73,24,117,256,81,24,22,22
,,,관할시도내,10,6,5,5,9,7,14,7,8,20,10,11,18,12
,,,관할시도외_서울,0,1,0,1,2,0,1,2,2,3,1,2,0,2
,,,관할시도외_기타,4,7,5,4,2,4,9,8,2,6,9,4,6,6
,진천군,,합계,80,76,119,107,72,110,120,118,74,91,72,84,121,134
,,,관할시군구내,38,28,66,72,43,67,63,60,47,54,42,41,63,80
,,,관할시도내,14,13,20,13,16,12,25,21,8,19,14,16,26,26
,,,관할시도외_서울,2,2,10,6,1,5,5,9,7,5,5,11,6,4
,,,관할시도외_기타,26,33,23,16,12,26,27,28,12,13,11,16,26,24
,괴산군,,합계,4,4,6,2,6,7,8,7,4,1,9,6,2,2
,,,관할시군구내,4,2,5,2,4,6,5,5,2,1,9,6,2,1
,,,관할시도내,0,0,1,0,0,1,1,0,1,0,0,0,0,0
,,,관할시도외_서울,0,1,0,0,0,0,0,0,1,0,0,0,0,0
,,,관할시도외_기타,0,1,0,0,2,0,2,2,0,0,0,0,0,1
,음성군,,합계,137,71,103,114,70,94,132,147,113,103,125,133,151,197
,,,관할시군구내,39,34,55,54,44,48,62,67,64,46,75,68,77,90
,,,관할시도내,10,13,14,9,11,17,20,29,17,18,19,20,25,47
,,,관할시도외_서울,3,7,6,13,2,8,12,7,6,6,8,5,8,13
,,,관할시도외_기타,85,17,28,38,13,21,38,44,26,33,23,40,41,47
,단양군,,합계,11,12,19,8,11,11,16,14,13,10,8,14,13,14
,,,관할시군구내,7,8,16,7,7,9,13,10,5,9,5,11,12,10
,,,관할시도내,0,1,0,1,1,0,1,1,0,1,1,0,0,0
,,,관할시도외_서울,1,0,0,0,2,1,0,1,2,0,1,1,1,2
,,,관할시도외_기타,3,3,3,0,1,1,2,2,6,0,1,2,0,2
충남,,,합계,3548,3064,3269,2781,2281,2692,4076,4689,2670,2777,2982,3839,5254,3071
,,,관할시군구내,1793,1700,1821,1557,1267,1442,2007,2283,1633,1617,1709,1995,2452,1525
,,,관할시도내,575,505,480,390,285,390,567,683,332,357,466,572,855,448
,,,관할시도외_서울,172,147,146,118,163,125,233,229,127,136,132,226,359,216
,,,관할시도외_기타,1008,712,822,716,566,735,1269,1494,578,667,675,1046,1588,882
,천안시,,합계,1768,1566,1623,1163,976,1174,2073,2301,969,1214,1449,1994,2698,999
,,,관할시군구내,814,780,759,528,503,543,850,1068,525,625,781,947,1218,487
,,,관할시도내,309,283,305,212,138,210,339,421,186,214,265,353,475,189
,,,관할시도외_서울,121,95,90,67,64,58,139,113,62,81,66,137,221,86
,,,관할시도외_기타,524,408,469,356,271,363,745,699,196,294,337,557,784,237
,,동남구,합계,493,564,630,514,406,443,682,729,341,369,519,595,770,356
,,,관할시군구내,257,285,297,236,224,229,303,332,193,190,284,293,354,185
,,,관할시도내,109,125,154,93,70,94,142,177,79,85,120,134,162,73
,,,관할시도외_서울,16,30,30,28,25,19,40,29,16,25,15,33,47,16
,,,관할시도외_기타,111,124,149,157,87,101,197,191,53,69,100,135,207,82
,,서북구,합계,1275,1002,993,649,570,731,1391,1572,628,845,930,1399,1928,643
,,,관할시군구내,557,495,462,292,279,314,547,736,332,435,497,654,864,302
,,,관할시도내,200,158,151,119,68,116,197,244,107,129,145,219,313,116
,,,관할시도외_서울,105,65,60,39,39,39,99,84,46,56,51,104,174,70
,,,관할시도외_기타,413,284,320,199,184,262,548,508,143,225,237,422,577,155
,공주시,,합계,99,91,139,105,88,102,128,168,171,220,125,137,220,107
,,,관할시군구내,56,57,87,73,65,78,71,98,94,159,64,62,93,54
,,,관할시도내,12,9,14,6,0,5,12,5,13,7,11,7,17,7
,,,관할시도외_서울,5,4,3,4,3,5,5,10,6,8,6,8,14,8
,,,관할시도외_기타,26,21,35,22,20,14,40,55,58,46,44,60,96,38
,보령시,,합계,98,79,87,95,76,56,83,93,75,84,74,94,100,64
,,,관할시군구내,67,66,64,80,51,39,64,69,53,58,49,68,71,45
,,,관할시도내,5,4,5,2,11,6,4,5,5,6,6,5,6,3
,,,관할시도외_서울,3,1,4,3,4,2,4,9,3,2,5,2,3,3
,,,관할시도외_기타,23,8,14,10,10,9,11,10,14,18,14,19,20,13
,아산시,,합계,855,692,624,565,427,597,864,952,528,561,606,764,1268,1072
,,,관할시군구내,413,366,337,293,222,282,407,427,280,292,335,376,491,444
,,,관할시도내,182,143,101,112,83,116,131,157,62,78,114,137,256,175
,,,관할시도외_서울,24,30,22,18,15,19,42,32,19,18,25,37,80,74
,,,관할시도외_기타,236,153,164,142,107,180,284,336,167,173,132,214,441,379
,서산시,,합계,222,135,174,170,157,163,163,425,366,160,200,186,234,262
,,,관할시군구내,104,99,136,113,110,109,111,156,298,117,140,142,146,175
,,,관할시도내,8,11,5,16,16,10,11,20,10,12,17,10,19,23
,,,관할시도외_서울,9,3,8,7,4,7,6,18,16,5,5,7,8,13
,,,관할시도외_기타,101,22,25,34,27,37,35,231,42,26,38,27,61,51
,논산시,,합계,44,60,79,89,56,72,87,105,86,87,72,92,114,72
,,,관할시군구내,31,42,55,73,42,49,68,72,67,67,56,64,77,56
,,,관할시도내,5,4,6,3,4,5,6,12,7,7,3,10,15,6
,,,관할시도외_서울,1,1,1,4,0,3,4,3,2,3,0,4,3,1
,,,관할시도외_기타,7,13,17,9,10,15,9,18,10,10,13,14,19,9
,계룡시,,합계,115,84,78,90,65,125,143,119,80,55,55,81,131,86
,,,관할시군구내,68,46,46,46,29,66,55,58,36,31,32,33,65,30
,,,관할시도내,18,6,6,6,5,9,16,14,6,2,5,7,16,9
,,,관할시도외_서울,1,0,3,2,6,8,3,5,6,1,4,1,3,4
,,,관할시도외_기타,28,32,23,36,25,42,69,42,32,21,14,40,47,43
,당진시,,합계,107,123,145,152,118,139,146,192,114,119,110,148,175,135
,,,관할시군구내,74,92,107,125,81,101,112,116,88,88,78,102,109,94
,,,관할시도내,9,9,6,4,8,7,7,15,7,8,6,8,15,3
,,,관할시도외_서울,0,3,2,5,4,6,5,18,2,5,5,10,11,5
,,,관할시도외_기타,24,19,30,18,25,25,22,43,17,18,21,28,40,33
,금산군,,합계,43,27,28,42,99,24,31,45,21,23,32,38,44,24
,,,관할시군구내,29,20,19,34,15,10,19,29,16,16,23,19,31,17
,,,관할시도내,0,1,2,1,0,1,1,0,0,0,0,0,0,0
,,,관할시도외_서울,2,0,1,1,49,2,2,3,1,0,3,1,1,3
,,,관할시도외_기타,12,6,6,6,35,11,9,13,4,7,6,18,12,4
,부여군,,합계,15,13,29,27,22,18,23,34,18,25,15,25,19,19
,,,관할시군구내,12,10,25,21,18,15,17,30,17,21,13,23,15,11
,,,관할시도내,1,1,1,0,1,0,1,0,1,0,1,1,1,5
,,,관할시도외_서울,0,1,2,1,0,1,1,2,0,1,0,0,1,1
,,,관할시도외_기타,2,1,1,5,3,2,4,2,0,3,1,1,2,2
,서천군,,합계,18,10,18,16,15,18,87,12,15,26,22,18,13,16
,,,관할시군구내,14,6,13,10,12,11,83,11,13,25,10,12,10,12
,,,관할시도내,0,0,0,1,2,0,1,1,0,0,2,1,1,0
,,,관할시도외_서울,0,3,1,1,0,1,0,0,0,0,0,1,0,0
,,,관할시도외_기타,4,1,4,4,1,6,3,0,2,1,10,4,2,4
,청양군,,합계,6,3,10,2,9,16,20,9,6,5,3,8,9,3
,,,관할시군구내,4,3,9,0,6,13,16,5,4,3,3,6,9,3
,,,관할시도내,0,0,0,0,0,3,0,0,1,1,0,0,0,0
,,,관할시도외_서울,0,0,1,0,2,0,2,0,0,0,0,0,0,0
,,,관할시도외_기타,2,0,0,2,1,0,2,4,1,1,0,2,0,0
,홍성군,,합계,85,109,130,144,98,110,126,132,144,127,133,138,113,121
,,,관할시군구내,49,66,88,92,62,77,78,81,94,78,77,84,52,51
,,,관할시도내,19,21,21,21,9,13,20,23,27,16,29,21,24,23
,,,관할시도외_서울,4,5,4,3,9,6,7,5,6,4,5,10,7,8
,,,관할시도외_기타,13,17,17,28,18,14,21,23,17,29,22,23,30,39
,예산군,,합계,45,48,64,92,48,45,55,62,38,44,50,59,65,51
,,,관할시군구내,39,30,47,48,36,32,31,46,25,25,33,32,38,24
,,,관할시도내,5,9,4,6,4,4,13,10,5,6,5,12,9,5
,,,관할시도외_서울,0,1,2,1,1,1,5,3,1,1,4,1,3,8
,,,관할시도외_기타,1,8,11,37,7,8,6,3,7,12,8,14,15,14
,태안군,,합계,28,24,41,29,27,33,47,40,39,27,36,57,51,40
,,,관할시군구내,19,17,29,21,15,17,25,17,23,12,15,25,27,22
,,,관할시도내,2,4,4,0,4,1,5,0,2,0,2,0,1,0
,,,관할시도외_서울,2,0,2,1,2,6,8,8,3,7,4,7,4,2
,,,관할시도외_기타,5,3,6,7,6,9,9,15,11,8,15,25,19,16
전북,,,합계,2448,2246,2570,2389,1899,2538,3091,3112,2412,2442,2916,3238,3936,2266
,,,관할시군구내,1403,1356,1592,1513,1291,1294,1747,1827,1709,1729,2178,1949,2077,1351
,,,관할시도내,467,449,495,440,299,369,533,611,385,429,396,703,760,369
,,,관할시도외_서울,85,74,57,70,56,490,111,136,64,38,67,93,191,75
,,,관할시도외_기타,493,367,426,366,253,385,700,538,254,246,275,493,908,471
,전주시,,합계,1272,1199,1372,1235,926,993,1661,1693,1083,1109,1204,1820,2131,890
,,,관할시군구내,635,643,743,707,567,562,862,883,622,658,745,952,1020,483
,,,관할시도내,337,311,369,310,203,243,381,441,285,319,286,510,536,233
,,,관할시도외_서울,31,44,26,28,25,45,59,79,30,18,35,60,104,23
,,,관할시도외_기타,269,201,234,190,131,143,359,290,146,114,138,298,471,151
,,완산구,합계,542,546,684,625,473,536,804,885,504,566,578,917,1135,434
,,,관할시군구내,304,285,362,344,289,308,407,467,320,348,357,489,554,246
,,,관할시도내,128,133,165,133,91,121,159,224,112,148,131,237,266,99
,,,관할시도외_서울,12,24,18,21,17,25,36,44,14,4,19,32,57,15
,,,관할시도외_기타,98,104,139,127,76,82,202,150,58,66,71,159,258,74
,,덕진구,합계,730,653,688,610,453,457,857,808,579,543,626,903,996,456
,,,관할시군구내,331,358,381,363,278,254,455,416,302,310,388,463,466,237
,,,관할시도내,209,178,204,177,112,122,222,217,173,171,155,273,270,134
,,,관할시도외_서울,19,20,8,7,8,20,23,35,16,14,16,28,47,8
,,,관할시도외_기타,171,97,95,63,55,61,157,140,88,48,67,139,213,77
,군산시,,합계,428,398,385,379,319,379,646,566,375,357,476,563,866,617
,,,관할시군구내,242,252,246,241,220,228,341,339,269,259,343,370,434,330
,,,관할시도내,68,46,37,43,36,47,46,58,31,27,41,73,101,65
,,,관할시도외_서울,30,18,10,16,13,17,37,33,24,11,16,21,47,31
,,,관할시도외_기타,88,82,92,79,50,87,222,136,51,60,76,99,284,191
,익산시,,합계,334,298,385,371,321,386,379,420,654,642,415,374,464,420
,,,관할시군구내,256,223,310,280,258,258,290,315,595,579,360,304,330,301
,,,관할시도내,22,30,24,35,23,27,29,35,30,31,22,34,42,26
,,,관할시도외_서울,9,5,12,15,7,3,2,10,6,2,8,6,29,13
,,,관할시도외_기타,47,40,39,41,33,98,58,60,23,30,25,30,63,80
,정읍시,,합계,148,103,131,117,84,520,113,112,78,87,98,107,123,73
,,,관할시군구내,100,81,97,86,66,73,81,96,62,62,73,84,80,57
,,,관할시도내,11,13,15,10,8,7,13,7,6,18,12,7,26,4
,,,관할시도외_서울,4,1,4,3,1,418,3,2,2,1,2,1,4,4
,,,관할시도외_기타,33,8,15,18,9,22,16,7,8,6,11,15,13,8
,남원시,,합계,62,42,82,48,49,44,53,65,56,63,47,58,52,41
,,,관할시군구내,44,28,69,40,39,32,38,53,42,45,38,40,39,33
,,,관할시도내,5,5,4,4,2,2,4,5,6,4,3,6,2,4
,,,관할시도외_서울,4,1,1,0,2,2,3,1,1,2,1,2,1,0
,,,관할시도외_기타,9,8,8,4,6,8,8,6,7,12,5,10,10,4
,김제시,,합계,46,54,40,74,63,62,73,70,41,40,36,63,56,52
,,,관할시군구내,33,32,30,50,47,40,37,42,34,33,29,49,46,40
,,,관할시도내,3,7,6,8,6,11,18,17,2,1,3,8,8,6
,,,관할시도외_서울,0,3,0,0,3,3,3,2,0,1,1,0,1,3
,,,관할시도외_기타,10,12,4,16,7,8,15,9,5,5,3,6,1,3
,완주군,,합계,79,81,103,76,62,72,88,95,69,76,577,184,121,102
,,,관할시군구내,37,45,39,40,27,33,36,34,42,38,544,100,62,51
,,,관할시도내,15,27,34,25,16,25,35,43,19,23,24,58,36,26
,,,관할시도외_서울,3,1,2,2,4,0,1,5,0,1,2,1,3,0
,,,관할시도외_기타,24,8,28,9,15,14,16,13,8,14,7,25,20,25
,진안군,,합계,3,5,3,3,7,4,0,6,4,2,2,3,1,5
,,,관할시군구내,3,3,2,1,6,4,0,6,1,1,1,3,1,3
,,,관할시도내,0,2,1,1,1,0,0,0,1,0,1,0,0,1
,,,관할시도외_서울,0,0,0,0,0,0,0,0,0,0,0,0,0,1
,,,관할시도외_기타,0,0,0,1,0,0,0,0,2,1,0,0,0,0
,무주군,,합계,6,16,6,16,5,6,9,7,2,6,6,6,46,14
,,,관할시군구내,4,7,6,13,5,6,8,6,2,5,5,4,6,14
,,,관할시도내,0,1,0,0,0,0,0,0,0,0,0,1,0,0
,,,관할시도외_서울,1,0,0,2,0,0,0,0,0,0,0,0,0,0
,,,관할시도외_기타,1,8,0,1,0,0,1,1,0,1,1,1,40,0
,장수군,,합계,2,2,4,4,2,2,1,7,3,1,3,3,4,1
,,,관할시군구내,2,2,3,4,2,2,1,5,3,1,1,3,4,0
,,,관할시도내,0,0,0,0,0,0,0,2,0,0,1,0,0,1
,,,관할시도외_서울,0,0,0,0,0,0,0,0,0,0,1,0,0,0
,,,관할시도외_기타,0,0,1,0,0,0,0,0,0,0,0,0,0,0
,임실군,,합계,8,4,8,14,6,13,6,2,6,9,6,1,8,8
,,,관할시군구내,5,3,4,10,5,9,4,1,3,8,6,0,7,5
,,,관할시도내,2,1,3,1,0,3,1,0,2,0,0,1,1,2
,,,관할시도외_서울,0,0,0,0,0,0,0,0,0,0,0,0,0,0
,,,관할시도외_기타,1,0,1,3,1,1,1,1,1,1,0,0,0,1
,순창군,,합계,13,7,8,2,5,2,7,14,8,4,5,8,12,2
,,,관할시군구내,10,7,8,2,5,1,5,10,6,4,3,5,10,2
,,,관할시도내,1,0,0,0,0,0,0,0,1,0,1,1,1,0
,,,관할시도외_서울,0,0,0,0,0,0,0,0,0,0,0,0,0,0
,,,관할시도외_기타,2,0,0,0,0,1,2,4,1,0,1,2,1,0
,고창군,,합계,19,17,23,24,15,21,14,17,13,17,24,15,17,13
,,,관할시군구내,14,14,19,18,15,19,12,11,12,12,19,11,14,8
,,,관할시도내,0,3,1,1,0,1,1,2,0,3,1,1,2,1
,,,관할시도외_서울,0,0,2,2,0,0,1,0,1,1,1,0,0,0
,,,관할시도외_기타,5,0,1,3,0,1,0,4,0,1,3,3,1,4
,부안군,,합계,28,20,20,26,35,34,41,38,20,29,17,33,35,28
,,,관할시군구내,18,16,16,21,29,27,32,26,16,24,11,24,24,24
,,,관할시도내,3,3,1,2,4,3,5,1,2,3,1,3,5,0
,,,관할시도외_서울,3,1,0,2,1,2,2,4,0,1,0,2,2,0
,,,관할시도외_기타,4,0,3,1,1,2,2,7,2,1,5,4,4,4
전남,,,합계,2772,1565,2098,1913,3167,2123,2323,3094,1749,2477,2768,2240,2506,2290
,,,관할시군구내,2165,1074,1521,1304,2612,1599,1629,1965,1207,1938,1497,1514,1593,1631
,,,관할시도내,236,205,257,266,314,237,297,400,262,235,248,293,380,268
,,,관할시도외_서울,54,39,33,74,22,35,48,203,32,50,26,59,94,64
,,,관할시도외_기타,317,247,287,269,219,252,349,526,248,254,997,374,439,327
,목포시,,합계,258,221,284,260,206,243,308,322,250,272,241,295,353,373
,,,관할시군구내,180,139,203,167,140,158,191,203,165,199,177,198,210,250
,,,관할시도내,51,40,43,53,41,51,64,69,50,35,36,42,68,67
,,,관할시도외_서울,3,7,7,8,4,6,5,8,4,11,3,13,12,13
,,,관할시도외_기타,24,35,31,32,21,28,48,42,31,27,25,42,63,43
,여수시,,합계,1374,369,477,415,327,408,425,474,335,757,571,511,531,286
,,,관할시군구내,1307,311,409,342,280,354,358,403,289,705,514,450,446,244
,,,관할시도내,15,16,23,22,14,9,20,14,14,21,14,13,21,10
,,,관할시도외_서울,8,9,3,8,2,4,11,10,8,8,4,9,13,9
,,,관할시도외_기타,44,33,42,43,31,41,36,47,24,23,39,39,51,23
,순천시,,합계,329,343,467,427,1663,555,559,809,448,397,1152,476,502,755
,,,관할시군구내,213,227,296,281,1550,442,382,513,294,277,263,323,318,637
,,,관할시도내,69,69,109,98,71,66,102,152,98,74,89,98,110,68
,,,관할시도외_서울,4,7,4,5,5,8,12,73,8,9,5,9,16,13
,,,관할시도외_기타,43,40,58,43,37,39,63,71,48,37,795,46,58,37
,나주시,,합계,109,85,103,86,95,86,115,114,81,85,97,148,235,224
,,,관할시군구내,66,49,55,47,60,49,74,72,43,54,55,89,138,130
,,,관할시도내,10,6,9,6,9,4,13,9,4,7,13,15,28,20
,,,관할시도외_서울,2,2,1,1,2,3,0,3,1,3,1,4,4,8
,,,관할시도외_기타,31,28,38,32,24,30,28,30,33,21,28,40,65,66
,광양시,,합계,332,245,467,432,447,363,347,619,305,463,305,308,381,241
,,,관할시군구내,182,142,356,263,331,240,212,450,196,357,219,181,223,130
,,,관할시도내,51,30,39,46,45,62,45,61,43,39,36,44,56,33
,,,관할시도외_서울,30,11,11,44,5,8,6,21,4,7,3,9,26,11
,,,관할시도외_기타,69,62,61,79,66,53,84,87,62,60,47,74,76,67
,담양군,,합계,5,5,2,2,2,36,3,3,4,2,4,8,8,8
,,,관할시군구내,4,2,1,2,2,5,2,1,2,2,3,2,5,3
,,,관할시도내,0,0,0,0,0,0,0,0,1,0,1,1,0,0
,,,관할시도외_서울,0,0,1,0,0,0,0,1,1,0,0,0,0,0
,,,관할시도외_기타,1,3,0,0,0,31,1,1,0,0,0,5,3,5
,곡성군,,합계,75,18,15,2,6,57,7,7,2,3,2,4,7,15
,,,관할시군구내,1,4,9,1,5,57,5,6,1,3,2,2,3,7
,,,관할시도내,0,0,0,0,0,0,1,1,0,0,0,0,1,0
,,,관할시도외_서울,0,0,0,0,0,0,0,0,1,0,0,1,0,0
,,,관할시도외_기타,74,14,6,1,1,0,1,0,0,0,0,1,3,8
,구례군,,합계,10,5,11,5,5,7,16,7,11,13,5,12,8,4
,,,관할시군구내,9,4,8,5,5,7,7,4,7,9,4,9,7,0
,,,관할시도내,1,1,0,0,0,0,1,1,0,2,0,2,1,1
,,,관할시도외_서울,0,0,0,0,0,0,0,1,0,1,0,0,0,1
,,,관할시도외_기타,0,0,3,0,0,0,8,1,4,1,1,1,0,2
,고흥군,,합계,20,21,35,25,28,28,21,32,13,13,20,14,16,10
,,,관할시군구내,17,17,25,22,14,15,12,23,9,7,15,13,13,7
,,,관할시도내,1,1,3,1,12,10,7,4,2,0,0,0,1,1
,,,관할시도외_서울,2,0,2,0,0,1,1,0,0,2,2,1,0,0
,,,관할시도외_기타,0,3,5,2,2,2,1,5,2,4,3,0,2,2
,보성군,,합계,7,9,13,10,8,9,9,17,17,14,13,14,16,14
,,,관할시군구내,7,5,11,6,6,8,8,16,15,13,11,12,14,9
,,,관할시도내,0,1,0,2,1,1,0,0,0,0,1,1,2,5
,,,관할시도외_서울,0,0,0,1,0,0,1,0,1,1,0,1,0,0
,,,관할시도외_기타,0,3,2,1,1,0,0,1,1,0,1,0,0,0
,화순군,,합계,25,32,34,42,61,51,52,63,50,49,121,40,47,44
,,,관할시군구내,18,22,25,26,40,40,37,48,35,34,110,28,32,29
,,,관할시도내,1,3,1,5,8,6,1,5,5,3,1,1,4,4
,,,관할시도외_서울,0,0,1,1,1,0,0,1,0,1,2,2,1,0
,,,관할시도외_기타,6,7,7,10,12,5,14,9,10,11,8,9,10,11
,장흥군,,합계,11,15,8,11,4,13,14,17,17,10,10,20,10,11
,,,관할시군구내,10,10,6,7,3,11,12,11,14,6,9,18,8,5
,,,관할시도내,1,2,1,1,1,0,2,2,1,1,1,0,0,1
,,,관할시도외_서울,0,0,0,0,0,0,0,1,0,1,0,0,0,1
,,,관할시도외_기타,0,3,1,3,0,2,0,3,2,2,0,2,2,4
,강진군,,합계,14,12,11,16,17,9,11,17,9,7,12,13,11,15
,,,관할시군구내,8,9,10,15,14,6,7,13,6,6,7,8,10,12
,,,관할시도내,0,0,1,0,2,1,3,1,0,0,4,1,1,1
,,,관할시도외_서울,1,0,0,0,0,2,0,0,0,1,0,0,0,0
,,,관할시도외_기타,5,3,0,1,1,0,1,3,3,0,1,4,0,2
,해남군,,합계,36,40,40,49,28,24,34,24,30,31,20,34,35,22
,,,관할시군구내,29,34,30,38,22,20,26,18,21,21,11,30,28,18
,,,관할시도내,4,4,2,2,4,2,1,3,4,4,4,2,2,2
,,,관할시도외_서울,0,0,0,3,1,1,0,0,2,0,1,0,1,1
,,,관할시도외_기타,3,2,8,6,1,1,7,3,3,6,4,2,4,1
,영암군,,합계,35,34,27,30,116,41,62,350,55,104,74,164,154,94
,,,관할시군구내,18,22,19,17,16,28,17,18,23,28,18,25,23,56
,,,관할시도내,11,9,4,8,94,6,10,44,17,23,18,39,36,11
,,,관할시도외_서울,1,0,1,0,1,0,9,79,1,4,3,7,16,6
,,,관할시도외_기타,5,3,3,5,5,7,26,209,14,49,35,93,79,21
,무안군,,합계,96,66,65,44,106,160,285,138,74,218,74,91,124,109
,,,관할시군구내,68,42,32,23,89,133,241,106,50,184,43,49,58,47
,,,관할시도내,20,21,21,16,12,18,24,30,22,26,26,32,47,42
,,,관할시도외_서울,1,2,1,2,0,0,1,1,0,0,1,1,2,1
,,,관할시도외_기타,7,1,11,3,5,9,19,1,2,8,4,9,17,19
,함평군,,합계,2,4,1,3,1,3,0,3,5,2,4,3,8,1
,,,관할시군구내,2,4,1,3,1,3,0,2,4,2,2,3,6,1
,,,관할시도내,0,0,0,0,0,0,0,1,0,0,2,0,1,0
,,,관할시도외_서울,0,0,0,0,0,0,0,0,0,0,0,0,0,0
,,,관할시도외_기타,0,0,0,0,0,0,0,0,1,0,0,0,1,0
,영광군,,합계,16,14,18,24,17,17,29,35,13,17,19,28,23,25
,,,관할시군구내,11,11,12,16,15,12,15,25,13,15,16,20,18,18
,,,관할시도내,1,1,0,2,0,1,2,0,0,0,1,1,0,1
,,,관할시도외_서울,0,1,0,0,0,1,2,2,0,0,1,2,2,0
,,,관할시도외_기타,4,1,6,6,2,3,10,8,0,2,1,5,3,6
,장성군,,합계,12,11,11,13,17,3,7,18,15,7,8,16,15,20
,,,관할시군구내,10,6,5,8,8,1,5,11,7,3,6,14,13,12
,,,관할시도내,0,0,1,3,0,0,1,2,0,0,0,0,1,1
,,,관할시도외_서울,1,0,0,0,1,1,0,2,1,1,0,0,0,0
,,,관할시도외_기타,1,5,5,2,8,1,1,3,7,3,2,2,1,7
,완도군,,합계,3,12,6,13,6,7,11,13,6,8,7,8,12,8
,,,관할시군구내,3,11,6,13,5,7,10,12,6,8,6,7,12,7
,,,관할시도내,0,1,0,0,0,0,0,1,0,0,1,1,0,0
,,,관할시도외_서울,0,0,0,0,0,0,0,0,0,0,0,0,0,0
,,,관할시도외_기타,0,0,0,0,1,0,1,0,0,0,0,0,0,1
,진도군,,합계,2,3,3,4,7,3,8,12,9,5,9,33,10,11
,,,관할시군구내,2,2,2,2,6,3,8,10,7,5,6,33,8,9
,,,관할시도내,0,0,0,1,0,0,0,0,1,0,0,0,0,0
,,,관할시도외_서울,0,0,1,1,0,0,0,0,0,0,0,0,1,0
,,,관할시도외_기타,0,1,0,0,1,0,0,2,1,0,3,0,1,2
,신안군,,합계,1,1,0,0,0,0,0,0,0,0,0,0,0,0
,,,관할시군구내,0,1,0,0,0,0,0,0,0,0,0,0,0,0
,,,관할시도내,0,0,0,0,0,0,0,0,0,0,0,0,0,0
,,,관할시도외_서울,1,0,0,0,0,0,0,0,0,0,0,0,0,0
,,,관할시도외_기타,0,0,0,0,0,0,0,0,0,0,0,0,0,0
경북,,,합계,2809,2744,3089,2369,2082,2867,4231,3702,2285,2644,2902,4915,6304,3614
,,,관할시군구내,1743,1815,2038,1422,1358,1705,2385,2250,1554,1762,1795,3008,3569,2210
,,,관할시도내,340,349,364,276,228,316,432,453,263,300,385,640,803,446
,,,관할시도외_서울,83,62,68,42,45,51,119,96,41,36,73,108,193,99
,,,관할시도외_기타,643,518,619,629,451,795,1295,903,427,546,649,1159,1739,859
,포항시,,합계,846,904,870,669,565,688,1031,1107,569,665,891,1653,1919,802
,,,관할시군구내,482,469,493,362,307,382,547,595,358,403,457,858,922,450
,,,관할시도내,129,187,161,126,101,121,167,208,109,118,183,317,332,145
,,,관할시도외_서울,39,39,32,19,15,19,35,33,13,13,37,64,84,25
,,,관할시도외_기타,196,209,184,162,142,166,282,271,89,131,214,414,581,182
,,남구,합계,401,373,294,248,223,258,353,467,203,226,264,570,589,210
,,,관할시군구내,234,178,172,134,114,141,175,255,133,139,153,296,295,132
,,,관할시도내,30,64,46,46,49,47,51,77,33,42,61,129,118,43
,,,관할시도외_서울,27,17,13,8,7,8,16,19,6,4,8,27,22,7
,,,관할시도외_기타,110,114,63,60,53,62,111,116,31,41,42,118,154,28
,,북구,합계,445,531,576,421,342,430,678,640,366,439,627,1083,1330,592
,,,관할시군구내,248,291,321,228,193,241,372,340,225,264,304,562,627,318
,,,관할시도내,99,123,115,80,52,74,116,131,76,76,122,188,214,102
,,,관할시도외_서울,12,22,19,11,8,11,19,14,7,9,29,37,62,18
,,,관할시도외_기타,86,95,121,102,89,104,171,155,58,90,172,296,427,154
,경주시,,합계,275,211,368,227,186,262,318,306,228,221,261,641,581,274
,,,관할시군구내,200,170,236,154,134,186,205,217,187,169,206,546,435,195
,,,관할시도내,22,17,30,22,10,24,29,20,16,11,14,27,53,21
,,,관할시도외_서울,2,0,9,5,4,2,10,7,1,3,5,3,6,4
,,,관할시도외_기타,51,24,93,46,38,50,74,62,24,38,36,65,87,54
,김천시,,합계,118,125,117,214,134,175,213,212,104,133,199,208,333,317
,,,관할시군구내,73,91,83,70,89,81,126,145,66,93,136,125,193,249
,,,관할시도내,18,8,11,14,13,21,26,20,13,15,22,27,41,17
,,,관할시도외_서울,4,4,5,2,3,3,4,2,2,2,4,3,9,4
,,,관할시도외_기타,23,22,18,128,29,70,57,45,23,23,37,53,90,47
,안동시,,합계,126,159,198,104,114,129,162,164,132,141,139,164,172,193
,,,관할시군구내,85,122,151,84,84,99,113,115,95,110,94,117,114,132
,,,관할시도내,19,27,27,6,14,10,10,16,15,16,27,22,29,24
,,,관할시도외_서울,4,2,2,2,3,4,6,4,3,0,5,3,7,7
,,,관할시도외_기타,18,8,18,12,13,16,33,29,19,15,13,22,22,30
,구미시,,합계,598,491,614,484,434,898,1641,906,447,507,467,1079,1674,919
,,,관할시군구내,359,359,433,326,308,487,821,565,330,351,326,698,1028,581
,,,관할시도내,58,46,56,47,33,77,114,71,52,57,41,116,158,81
,,,관할시도외_서울,20,11,8,5,11,15,48,31,6,6,6,25,57,39
,,,관할시도외_기타,161,75,117,106,82,319,658,239,59,93,94,240,431,218
,영주시,,합계,70,59,91,69,73,61,84,60,58,75,68,55,81,59
,,,관할시군구내,50,42,71,47,58,49,69,46,41,48,53,33,61,36
,,,관할시도내,5,6,8,9,6,5,5,7,3,14,10,8,6,11
,,,관할시도외_서울,3,0,2,3,1,2,2,0,2,2,2,2,3,2
,,,관할시도외_기타,12,11,10,10,8,5,8,7,12,11,3,12,11,10
,영천시,,합계,63,121,92,62,69,77,87,98,64,66,83,81,126,128
,,,관할시군구내,37,108,78,45,48,43,58,61,32,46,47,53,77,63
,,,관할시도내,12,5,4,5,7,4,9,13,5,4,10,13,17,11
,,,관할시도외_서울,0,0,0,0,0,0,1,1,2,2,2,1,1,0
,,,관할시도외_기타,14,8,10,12,14,30,19,23,25,14,24,14,31,54
,상주시,,합계,50,56,84,46,38,54,55,80,59,54,55,45,70,59
,,,관할시군구내,42,47,68,37,31,40,44,68,53,41,38,32,57,44
,,,관할시도내,2,5,4,3,2,4,4,4,3,5,6,4,4,5
,,,관할시도외_서울,0,1,1,1,1,1,3,0,0,2,2,0,3,1
,,,관할시도외_기타,6,3,11,5,4,9,4,8,3,6,9,9,6,9
,문경시,,합계,42,38,27,27,22,32,28,38,21,34,39,28,32,39
,,,관할시군구내,33,33,23,17,16,27,20,29,13,25,32,24,20,34
,,,관할시도내,4,3,1,5,3,4,2,3,3,4,3,3,4,3
,,,관할시도외_서울,1,1,2,1,0,0,2,2,2,1,1,1,1,1
,,,관할시도외_기타,4,1,1,4,3,1,4,4,3,4,3,0,7,1
,경산시,,합계,376,370,375,265,238,270,358,455,354,456,424,649,867,439
,,,관할시군구내,233,233,236,148,144,165,229,257,214,279,234,332,415,239
,,,관할시도내,29,22,22,20,11,16,16,38,12,14,24,43,59,25
,,,관할시도외_서울,6,2,4,2,4,1,3,4,5,4,4,4,14,11
,,,관할시도외_기타,108,113,113,95,79,88,110,156,123,159,162,270,379,164
,군위군,,합계,3,4,2,3,3,4,3,3,1,8,1,5,1,0
,,,관할시군구내,2,4,2,3,3,4,3,3,1,6,1,3,0,0
,,,관할시도내,1,0,0,0,0,0,0,0,0,1,0,2,0,0
,,,관할시도외_서울,0,0,0,0,0,0,0,0,0,0,0,0,0,0
,,,관할시도외_기타,0,0,0,0,0,0,0,0,0,1,0,0,1,0
,의성군,,합계,5,18,14,8,9,7,11,7,6,12,11,8,9,12
,,,관할시군구내,4,15,13,4,8,5,8,6,4,11,11,7,5,11
,,,관할시도내,0,2,1,1,1,1,1,0,0,1,0,0,1,0
,,,관할시도외_서울,0,0,0,0,0,0,2,1,0,0,0,0,0,0
,,,관할시도외_기타,1,1,0,3,0,1,0,0,2,0,0,1,3,1
,청송군,,합계,6,6,8,4,7,5,6,4,2,3,2,4,7,12
,,,관할시군구내,2,4,6,3,5,3,2,2,2,2,0,2,6,10
,,,관할시도내,2,0,1,0,0,1,2,1,0,1,0,2,0,1
,,,관할시도외_서울,0,0,0,0,0,1,0,0,0,0,0,0,0,0
,,,관할시도외_기타,2,2,1,1,2,0,2,1,0,0,2,0,1,1
,영양군,,합계,7,0,1,2,4,3,2,0,2,0,5,3,3,2
,,,관할시군구내,0,0,1,1,4,1,2,0,2,0,1,2,2,1
,,,관할시도내,6,0,0,0,0,1,0,0,0,0,1,1,0,0
,,,관할시도외_서울,0,0,0,0,0,0,0,0,0,0,0,0,0,0
,,,관할시도외_기타,1,0,0,1,0,1,0,0,0,0,3,0,1,1
,영덕군,,합계,10,8,9,11,8,9,10,8,6,12,6,10,12,6
,,,관할시군구내,8,7,7,8,5,7,9,5,5,11,6,7,10,4
,,,관할시도내,0,0,0,0,1,0,0,0,0,0,0,3,1,0
,,,관할시도외_서울,1,0,1,0,0,1,0,0,0,0,0,0,0,0
,,,관할시도외_기타,1,1,1,3,2,1,1,3,1,1,0,0,1,2
,청도군,,합계,17,9,14,13,13,2,16,12,9,8,14,8,17,14
,,,관할시군구내,12,6,12,9,10,1,13,8,8,7,10,6,10,8
,,,관할시도내,0,1,0,1,0,0,0,0,0,1,0,0,1,1
,,,관할시도외_서울,0,1,0,0,0,0,0,1,0,0,0,0,1,0
,,,관할시도외_기타,5,1,2,3,3,1,3,3,1,0,4,2,5,5
,고령군,,합계,20,8,16,13,13,13,8,23,11,14,12,20,17,20
,,,관할시군구내,12,5,13,10,5,7,4,12,7,10,6,13,6,10
,,,관할시도내,0,0,1,0,1,0,1,1,1,0,0,0,1,0
,,,관할시도외_서울,0,0,0,0,0,0,0,0,0,0,0,0,0,1
,,,관할시도외_기타,8,3,2,3,7,6,3,10,3,4,6,7,10,9
,성주군,,합계,13,18,15,12,7,6,11,11,7,3,4,13,7,7
,,,관할시군구내,12,14,9,10,6,5,6,5,6,0,4,11,5,5
,,,관할시도내,0,1,1,0,1,0,1,0,0,0,0,1,1,0
,,,관할시도외_서울,0,0,0,0,0,0,0,1,0,0,0,0,0,0
,,,관할시도외_기타,1,3,5,2,0,1,4,5,1,3,0,1,1,2
,칠곡군,,합계,99,80,105,91,90,114,133,146,143,160,163,176,262,183
,,,관할시군구내,59,46,57,54,59,72,67,75,90,100,98,96,140,92
,,,관할시도내,20,12,18,11,13,19,38,38,19,25,27,36,69,49
,,,관할시도외_서울,2,1,1,0,2,1,1,6,5,1,4,0,1,0
,,,관할시도외_기타,18,21,29,26,16,22,27,27,29,34,34,44,52,42
,예천군,,합계,36,36,40,23,26,30,26,41,37,45,37,37,85,97
,,,관할시군구내,15,22,21,16,8,18,19,19,20,26,18,19,41,27
,,,관할시도내,11,6,17,3,9,8,6,13,12,12,14,13,25,49
,,,관할시도외_서울,1,0,1,1,1,0,0,2,0,0,0,1,4,2
,,,관할시도외_기타,9,8,1,3,8,4,1,7,5,7,5,4,15,19
,봉화군,,합계,8,0,5,9,3,7,11,5,5,6,5,3,5,6
,,,관할시군구내,3,0,4,4,2,5,5,3,3,6,5,3,4,4
,,,관할시도내,2,0,0,2,0,0,1,0,0,0,0,0,0,1
,,,관할시도외_서울,0,0,0,0,0,1,1,1,0,0,0,0,0,0
,,,관할시도외_기타,3,0,1,3,1,1,4,1,2,0,0,0,1,1
,울진군,,합계,21,23,23,12,25,19,16,16,19,21,16,25,22,26
,,,관할시군구내,20,18,20,9,23,16,15,14,17,18,12,21,16,15
,,,관할시도내,0,1,1,1,2,0,0,0,0,1,3,2,1,2
,,,관할시도외_서울,0,0,0,1,0,0,1,0,0,0,1,1,2,2
,,,관할시도외_기타,1,4,2,1,0,3,0,2,2,2,0,1,3,7
,울릉군,,합계,0,0,1,1,1,2,1,0,1,0,0,0,2,0
,,,관할시군구내,0,0,1,1,1,2,0,0,0,0,0,0,2,0
,,,관할시도내,0,0,0,0,0,0,0,0,0,0,0,0,0,0
,,,관할시도외_서울,0,0,0,0,0,0,0,0,0,0,0,0,0,0
,,,관할시도외_기타,0,0,0,0,0,0,1,0,1,0,0,0,0,0
경남,,,합계,4970,3973,4205,3621,2703,4017,5314,6079,3261,3517,4322,8541,8682,4650
,,,관할시군구내,3123,2523,2698,2408,1835,1971,2909,3537,2232,2412,2755,4829,4916,2802
,,,관할시도내,849,655,670,504,350,461,957,1175,503,549,698,1668,1596,722
,,,관할시도외_서울,87,59,75,54,25,68,131,110,37,45,224,208,193,100
,,,관할시도외_기타,911,736,762,655,493,1517,1317,1257,489,511,645,1836,1977,1026
,창원시,,합계,2079,1583,1602,1223,828,1012,2249,2577,1059,1254,1705,3453,2643,981
,,,관할시군구내,1087,816,866,685,495,563,1049,1284,629,725,867,1605,1326,530
,,,관할시도내,574,413,383,311,211,263,667,849,318,356,452,1075,810,279
,,,관할시도외_서울,47,34,33,25,7,23,50,53,13,29,192,126,75,30
,,,관할시도외_기타,371,320,320,202,115,163,483,391,99,144,194,647,432,142
,,의창구,합계,417,325,292,239,145,198,508,602,229,248,346,646,535,144
,,,관할시군구내,196,132,139,118,85,82,169,266,120,121,180,333,272,87
,,,관할시도내,144,111,82,71,42,75,197,234,86,97,124,225,186,38
,,,관할시도외_서울,5,6,5,6,1,7,12,13,4,4,4,11,17,5
,,,관할시도외_기타,72,76,66,44,17,34,130,89,19,26,38,77,60,14
,,성산구,합계,856,545,589,385,245,279,754,949,297,374,598,1552,799,120
,,,관할시군구내,411,254,275,180,117,128,333,405,171,192,279,584,335,57
,,,관할시도내,231,145,142,110,72,78,208,317,88,104,190,491,251,40
,,,관할시도외_서울,34,19,18,10,2,9,26,27,3,16,30,102,34,6
,,,관할시도외_기타,180,127,154,85,54,64,187,200,35,62,99,375,179,17
,,마산합포구,합계,165,150,174,163,97,141,349,411,148,144,155,224,374,261
,,,관할시군구내,97,100,115,102,73,92,192,239,104,93,107,136,206,126
,,,관할시도내,43,33,42,43,20,35,124,131,37,37,39,67,126,92
,,,관할시도외_서울,3,4,1,2,0,2,4,6,3,4,2,1,3,6
,,,관할시도외_기타,22,13,16,16,4,12,29,35,4,10,7,20,39,37
,,마산회원구,합계,354,273,349,254,159,208,373,303,194,179,374,429,342,219
,,,관할시군구내,194,153,203,152,93,124,168,158,96,114,140,226,169,114
,,,관할시도내,111,92,86,66,49,53,99,103,76,55,67,149,133,68
,,,관할시도외_서울,4,2,8,4,0,2,7,5,3,1,155,4,6,7
,,,관할시도외_기타,45,26,52,32,17,29,99,37,19,9,12,50,34,30
,,진해구,합계,287,290,198,182,182,186,265,312,191,309,232,602,593,237
,,,관할시군구내,189,177,134,133,127,137,187,216,138,205,161,326,344,146
,,,관할시도내,45,32,31,21,28,22,39,64,31,63,32,143,114,41
,,,관할시도외_서울,1,3,1,3,4,3,1,2,0,4,1,8,15,6
,,,관할시도외_기타,52,78,32,25,23,24,38,30,22,37,38,125,120,44
,진주시,,합계,523,483,441,405,280,325,545,557,387,441,500,865,1156,813
,,,관할시군구내,388,357,322,306,215,232,322,390,303,351,394,651,775,534
,,,관할시도내,77,76,64,45,31,43,75,74,48,50,56,131,213,132
,,,관할시도외_서울,5,5,4,12,3,5,20,8,5,4,6,7,23,20
,,,관할시도외_기타,53,45,51,42,31,45,128,85,31,36,44,76,145,127
,통영시,,합계,118,117,174,137,114,97,143,125,120,124,134,162,229,177
,,,관할시군구내,86,88,126,112,93,81,117,97,95,103,111,126,167,128
,,,관할시도내,10,11,16,5,5,6,8,14,5,10,10,11,22,21
,,,관할시도외_서울,4,3,1,4,1,3,3,1,1,0,5,2,0,3
,,,관할시도외_기타,18,15,31,16,15,7,15,13,19,11,8,23,40,25
,사천시,,합계,135,80,83,84,88,87,91,125,97,121,81,110,136,157
,,,관할시군구내,68,51,57,59,57,63,47,91,65,98,61,76,93,96
,,,관할시도내,41,13,16,18,15,12,29,14,14,18,11,14,24,41
,,,관할시도외_서울,6,3,2,0,2,1,1,3,2,1,0,6,1,4
,,,관할시도외_기타,20,13,8,7,14,11,14,17,16,4,9,14,18,16
,김해시,,합계,964,757,731,649,507,1546,837,818,536,597,764,1806,1875,914
,,,관할시군구내,692,559,520,488,358,419,528,554,397,453,533,1135,1112,572
,,,관할시도내,87,83,88,58,50,71,93,106,57,59,95,269,260,105
,,,관할시도외_서울,9,6,12,3,4,4,10,13,0,5,10,36,51,10
,,,관할시도외_기타,176,109,111,100,95,1052,206,145,82,80,126,366,452,227
,밀양시,,합계,85,46,56,85,59,56,56,62,77,65,79,67,132,103
,,,관할시군구내,70,33,47,37,47,38,45,44,53,42,64,49,90,71
,,,관할시도내,2,4,5,7,2,7,5,10,10,8,3,6,11,11
,,,관할시도외_서울,1,0,1,0,1,0,0,0,3,1,1,0,3,0
,,,관할시도외_기타,12,9,3,41,9,11,6,8,11,14,11,12,28,21
,거제시,,합계,200,211,261,226,216,217,447,539,191,174,199,366,727,558
,,,관할시군구내,141,152,182,156,140,135,208,214,134,126,141,190,323,277
,,,관할시도내,11,12,29,14,7,11,34,42,15,11,10,36,95,72
,,,관할시도외_서울,8,4,7,5,3,20,27,21,6,3,1,16,20,22
,,,관할시도외_기타,40,43,43,51,66,51,178,262,36,34,47,124,289,187
,양산시,,합계,685,521,581,571,439,511,739,1050,613,568,630,1478,1518,754
,,,관할시군구내,450,333,369,374,288,323,463,712,408,373,415,825,860,462
,,,관할시도내,24,21,29,20,12,22,20,28,23,22,24,94,113,27
,,,관할시도외_서울,6,3,12,2,3,8,11,7,5,2,5,11,17,8
,,,관할시도외_기타,205,164,171,175,136,158,245,303,177,171,186,548,528,257
,의령군,,합계,3,3,8,14,8,3,2,4,6,8,5,3,3,0
,,,관할시군구내,3,3,7,14,6,2,1,3,6,5,4,2,3,0
,,,관할시도내,0,0,1,0,2,0,0,0,0,2,1,1,0,0
,,,관할시도외_서울,0,0,0,0,0,0,1,0,0,0,0,0,0,0
,,,관할시도외_기타,0,0,0,0,0,1,0,1,0,1,0,0,0,0
,함안군,,합계,40,36,75,80,29,44,50,59,46,35,63,71,79,50
,,,관할시군구내,29,21,57,57,17,29,27,32,37,29,39,47,44,23
,,,관할시도내,10,12,15,18,9,10,15,19,8,6,18,17,24,18
,,,관할시도외_서울,0,0,0,1,1,0,0,0,0,0,0,0,1,2
,,,관할시도외_기타,1,3,3,4,2,5,8,8,1,0,6,7,10,7
,창녕군,,합계,24,25,36,26,29,22,23,36,28,24,32,39,49,33
,,,관할시군구내,19,21,24,23,27,15,14,25,22,17,25,27,30,23
,,,관할시도내,2,1,8,1,1,5,6,2,1,0,3,3,9,6
,,,관할시도외_서울,1,0,0,0,0,0,0,0,0,0,0,0,2,0
,,,관할시도외_기타,2,3,4,2,1,2,3,9,5,7,4,9,8,4
,고성군,,합계,26,14,21,27,23,16,27,28,19,21,17,23,28,24
,,,관할시군구내,20,11,17,23,21,11,15,21,18,19,14,16,22,21
,,,관할시도내,3,0,2,2,2,4,2,4,0,1,1,5,6,2
,,,관할시도외_서울,0,0,0,0,0,0,3,0,0,0,0,0,0,0
,,,관할시도외_기타,3,3,2,2,0,1,7,3,1,1,2,2,0,1
,남해군,,합계,10,9,10,7,7,8,13,12,10,8,35,13,18,9
,,,관할시군구내,9,7,10,6,5,7,11,8,9,7,31,8,6,6
,,,관할시도내,0,0,0,1,1,0,0,1,1,0,1,2,0,1
,,,관할시도외_서울,0,0,0,0,0,0,2,1,0,0,0,1,0,0
,,,관할시도외_기타,1,2,0,0,1,1,0,2,0,1,3,2,12,2
,하동군,,합계,9,6,18,11,11,8,26,11,6,16,11,8,14,14
,,,관할시군구내,8,5,15,7,8,5,7,6,4,12,8,8,9,11
,,,관할시도내,1,0,0,0,1,1,1,2,1,2,2,0,4,1
,,,관할시도외_서울,0,0,1,0,0,0,0,0,0,0,0,0,0,0
,,,관할시도외_기타,0,1,2,4,2,2,18,3,1,2,1,0,1,2
,산청군,,합계,3,7,17,11,5,6,6,10,6,11,5,15,5,3
,,,관할시군구내,3,4,11,5,5,4,6,5,6,10,3,11,3,2
,,,관할시도내,0,3,5,3,0,1,0,3,0,1,1,2,0,1
,,,관할시도외_서울,0,0,1,0,0,0,0,0,0,0,1,1,0,0
,,,관할시도외_기타,0,0,0,3,0,1,0,2,0,0,0,1,2,0
,함양군,,합계,12,8,13,15,15,11,7,12,11,10,13,17,12,11
,,,관할시군구내,9,6,8,11,12,9,7,7,9,9,9,15,8,9
,,,관할시도내,3,1,4,0,0,0,0,3,0,1,1,0,2,2
,,,관할시도외_서울,0,0,1,0,0,1,0,1,0,0,2,1,0,0
,,,관할시도외_기타,0,1,0,4,3,1,0,1,2,0,1,1,2,0
,거창군,,합계,46,62,71,42,35,42,39,38,37,28,42,40,49,41
,,,관할시군구내,34,53,53,37,32,31,28,31,28,24,29,34,39,30
,,,관할시도내,4,4,5,1,1,5,2,1,1,0,9,1,3,3
,,,관할시도외_서울,0,1,0,2,0,3,3,2,2,0,1,1,0,1
,,,관할시도외_기타,8,4,13,2,2,3,6,4,6,4,3,4,7,7
,합천군,,합계,8,5,7,8,10,6,14,16,12,12,7,5,9,8
,,,관할시군구내,7,3,7,8,9,4,14,13,9,9,7,4,6,7
,,,관할시도내,0,1,0,0,0,0,0,3,1,2,0,1,0,0
,,,관할시도외_서울,0,0,0,0,0,0,0,0,0,0,0,0,0,0
,,,관할시도외_기타,1,1,0,0,1,2,0,0,2,1,0,0,3,1
제주,,,합계,412,358,323,274,193,202,353,371,261,269,319,495,733,467
,,,관할시군구내,328,264,234,207,140,154,216,284,213,209,245,374,525,324
,,,관할시도내,21,14,20,21,9,10,97,22,8,13,24,27,33,25
,,,관할시도외_서울,17,16,19,12,15,8,12,14,12,13,16,19,25,21
,,,관할시도외_기타,46,64,50,34,29,30,28,51,28,34,34,75,150,97
,제주시,,합계,350,260,234,201,133,144,217,275,202,208,230,362,551,327
,,,관할시군구내,290,222,185,163,97,123,184,225,169,164,190,293,431,248
,,,관할시도내,13,8,11,16,6,4,11,13,7,8,11,18,25,14
,,,관할시도외_서울,12,11,13,4,11,2,8,9,8,8,11,11,16,12
,,,관할시도외_기타,35,19,25,18,19,15,14,28,18,28,18,40,79,53
,서귀포시,,합계,62,98,89,73,60,58,136,96,59,61,89,133,182,140
,,,관할시군구내,38,42,49,44,43,31,32,59,44,45,55,81,94,76
,,,관할시도내,8,6,9,5,3,6,86,9,1,5,13,9,8,11
,,,관할시도외_서울,5,5,6,8,4,6,4,5,4,5,5,8,9,9
,,,관할시도외_기타,11,45,25,16,10,15,14,23,10,6,16,35,71,44
